,Title,Link,Price,Desc
0,Lumiere Residences 1 Bedroom,https://www.lamudi.com.ph/lumiere-residences-1-bedroom.html,"₱ 3,800,000","Lumiere Residences -
West Tower
1 Bedroom
(Atrium Level) 28 sqm
Selling Price: 3.8M
Spot DP: 800,000
Chriztian Alcantara
Real Estate Broker 26135"
1,Lumiere Residences – Pasig City,https://www.lamudi.com.ph/lumiere-residences-pasig-city.html,"₱ 10,000,000","CONDOMINIUM
Property Code:FS269Property Name: Lumiere Residences – Pasig CityPrice: ₱ 10,000,000.00Floor area: 83.50 sqmType: 3-Bedroom unitCondition: BareFeatures: 2 BalconiesParking: 1 slot"
2,For Sale Condominium Lumiere Residences – Pasig City,https://www.lamudi.com.ph/for-sale-condominium-lumiere-residences-pasig-city.html,"₱ 10,000,000","CONDOMINIUM
Property Code:FS269Property Name: Lumiere Residences – Pasig CityPrice: ₱ 10,000,000.00Floor area: 83.50 sqmType: 3-Bedroom unitCondition: BareFeatures: 2 BalconiesParking: 1 slot"
3,For Sale Condo in Lumiere Residences,https://www.lamudi.com.ph/for-sale-condo-in-lumiere-residences.html,"₱ 12,800,000","❗FOR SALE❗ Condo in Lumiere Residences
Located at Shaw Blvd Cor Pasig Blvd
- 10 minutes drive to Ortigas and The Fort
West Tower
- Facing Makati, The Fort, Pasig, Mandaluyong overview of Laguna Lake
- 83.5 sqm
- 3 bedrooms
- 2 bathroom
- 2 Balconies
- Furnished
- with Tandem Parking Near Elevator
- Unit price 11.4M Tandem Parkng: 1,470,000
Total price is 12.8M"
4,Lumiere Residences 2 bedroom for sale Pasig,https://www.lamudi.com.ph/lumiere-residences-2-bedroom-for-sale-pasig.html,"₱ 5,400,000",56 sqm with balcony2 bed roomPrice / terms is negotiableBare UnitDownpayment to owner cashBalance for bank financingCurrently loaned in Robinsons BankApproximately 3.2m bank financingCash to owner 2.3mCurrent list price is 6.5mNear Estancia mall/ Capitol commons/ ortigas areaFacing east antipolo view/ sunriseParking not included but an option at 850k basement 2
5,2 BR Semi Furnished Unit at LUMIERE,https://www.lamudi.com.ph/2-br-semi-furnished-unit-at-lumiere-166359564993.html,"₱ 7,000,000","Semi Furnished  -   with  inverter A/C,  sofa,  6 seater dining and  refrigerator
Floor  area  -  56sqm,   2  BR , one  CR
 Located at 25th  Floor,  parking slot at B6
Firm price -  7M"
6,"For Sale: 1BR Semi Furnished at Lumiere Residences, Pasig City",https://www.lamudi.com.ph/for-sale-1br-semi-furnished-at-lumiere-residences-pasig-city.html,"₱ 4,500,000","Lumiere Residences Shaw Blvd corner Pasig Blvd DMCI HOMES  16th flr 1 Bedroom with Balcony 1 Bathroom  28 sqm Semi furnished: Ref, Shower Heater, 3door mirror wardrobe & aircon View of BGC & Makati No parking  Php 4,500,000For Sale: 1BR Semi Furnished at Lumiere Residences, Pasig City"
7,1 bedroom for sale in Lumiere Residences Pasig Near Ortigas,https://www.lamudi.com.ph/1-bedroom-for-sale-in-lumiere-residences-pasig-near-ortigas.html,"₱ 3,700,000","1 bedroom in Lumiere Residences
27sqm. 
Resale Unit"
8,FOR SALE | 1- Bedroom Condo - Lumiere Residences Pasig,https://www.lamudi.com.ph/for-sale-1-bedroom-lumiere-residences-166271362145.html,"₱ 5,000,000","1 Bedroom
28 sqm floor area
Lumiere Residences Pasig"
9,For Sale 2BR Furnished Unit in Lumiere Residences Pasig City,https://www.lamudi.com.ph/for-sale-2br-furnished-unit-in-lumiere-residences-pasig-city.html,"₱ 6,200,000","For Sale 2BR Furnished Unit in Lumiere Residences Pasig CityTwo Bedroom Furnished Unit For Rent - Facing BGC/PasigLumiere Residences, West TowerPasig Boulevard cor. Shaw Boulevard Pasig CityProperty Code : LUM-W-3206SELLING PRICE:UNIT AND PARKING: PHP 6,200,000.00 - ALL INCLUSIVEREADY FOR OCCUPANCYPAYMENT TERMS: PHP 4,970,000.00 CASH TO SELLERASSUME OF BALANCE IN-HOUSE FINANCING - PHP 1,230,000.00**MONTHLY AMORTIZATION: PHP36,336.22 PER MONTH - PAYABLE UNTIL MARCH 2023.NOTE: PRICE INCLUSIVE OF ACCEPTANCE FEE AND TRANSFER FEEUnit Features:2 x bedrooms1 x Bathroom (Toilet and Shower)Living / Dining RoomKitchenBalconyAmenities:-Function Hall-Game Room-Gym-Entertainment Room-Lounge Pool-Kiddie Pool-Basketball Court-Picnic Grove-Jogging Path-Observatory-Sky loungeVIEWINGYou may view this property anytime from 9:00 am to 6:00 pm, Mondays thru Saturdays. Please contact us to schedule an appointment.Unit for Sale in OrtigasUnit for Sale in Lumiere ResidencesLumiere Residences For SaleUnit for Sale PasigCondo for Sale PasigCondo for Sale Lumiere ResidencesCondo for Sale Ortigas"
10,Lumiere 2BR Plus 1 Parking North Tower C009,https://www.lamudi.com.ph/lumiere-2br-plus-1-parking-north-tower-c009.html,"₱ 6,300,000","Lumiere 2BR Plus 1 Parking North Tower C009

Lumiere Residences is a modern-tropical high-rise development that will light up Pasig City's illustrious skyline. Near Ortigas and BGC!

Located in Pasig Blvd, Pasig City

3rd Floor
Floor Area: 49sqm 
Bedroom: 2
Bathroom: 1 
Parking: 1 

Facing amenities 

Price: 6,300,000

**Price includes Parking and CGT"
11,For Sale Lumiere West Tower 2 bedroom Korean cut,https://www.lamudi.com.ph/for-sale-lumiere-west-tower-2-bedroom-korean-cut.html,Contact agent for price,"Lumiere
West Tower
2bedroom 56sqm
Korean cut
31st floor
Facing amenities
Semi furnished
clean title"
12,"Condominium For Sale 2BR with Parking Lumiere Residences, Pasig City",https://www.lamudi.com.ph/condominium-for-sale-2br-with-parking-lumiere-residences-pasig-city.html,"₱ 7,500,000","For Sale Pet Friendly Perpectual Ownership Lumiere Residences 2br With Parking 56sqm   Condominium property for sale in Bagong Ilog, Pasig, Metro Manila"
13,3 bedroom for sale in pasig - lumiere residences,https://www.lamudi.com.ph/3-bedroom-for-sale-in-pasig-lumiere-residences.html,"₱ 12,000,000","3BR FOR SALE IN PASIG - LUMIERE RESIDENCES

Property Code: PB030
Project / Tower: LUMIERE RESIDENCES
Location: Lumiere Residences, Pasig City
Size: 84 SQ.M
Type: CONDOMINIUM
Bedrooms: Three (3) Bedrooms
Toilet & Bath: 2
Parking: 2 Slots
Furnishing: Semi Furnished
Developer: DMCI Homes
Other details:
- Tandem Parking
- Corner unit with 2 balconies
- Currently under home loan, once closed buyer can move in while waiting for title
Title Status: Mortgaged
Ownership: Individual
Occupancy: Owner Lived

Sale price: Php 12,000,000
Price inclusions: Capital Gains Tax, Professional Fee

For inquiries & viewings, contact:

ANDRE LOTUACO
AAA REALTY
Managing Partner

#lumiereresidences
#lumiereresidencespasig
#pasigcondoforsale
#twobedroomcondounitforsale
#condoforsaleinpasigcity"
14,Lumiere Residences 1 Bedroom Condominium in Pasig City,https://www.lamudi.com.ph/lumiere-residences-1-bedroom-condominium-in-pasig-city.html,"₱ 4,400,000","Unit 2412 East Tower, Lumiere Residences, Pasig Blvd, Bagong Ilog, Pasig City
Php 4,400,00.00 Negotiable - Assume Balance

Description
Ready for Occupancy 
  Lumiere Residences by DMCI Homes Pasig Blvd, Shaw Blvd., Pasig City Ready For Occupancy 
  High Investment Potential
  Good return for Air BnB or Long term Rentals
  Classy property to grow your start up family

Why Buy a Lumiere Residences Condo?
Lifetime Ownership 
  Best Condo in the Market 
  Resort-inspired living 
  Greatest Investment (for Locals & OFW) 
  Pet Friendly 
  Safe Place - 24/7 Security
  Trusted and Best Developer
  High-rise 24th Floor Location

Amenities your family can enjoy everyday:
- Lap pools 
- Kiddie pool 
- Sky Deck 
- Sky Patio 
- Audio Visual Room 
- Fitness Gym 
- Kiddie Playground
- Basketball Court
- Function Halls / Events Place
- Hotelisque Lobby"
15,"2 Bedroom Condominium for Sale in Lumiere Residences, Pasig Boulevard",https://www.lamudi.com.ph/2-bedroom-condominium-for-sale-in-lumiere-residences-pasig-boulevard.html,"₱ 7,300,000","Lumiere Residences Condominium for Sale in Makati Floor Area - 56 sqm, Korean Cut Number of Bedrooms - 2 Number of Toilet and Bath - 1 RFO Furnished with Parking  Total Contract Price - 7,300,000 Unit Number and Building - 3614, East Tower  Lumiere Residences is a three-tower development sitting along the corner of Shaw and Pasig Boulevards. Its name roughly means light, which suits the open, bright atmosphere in each of the homes it offers. A safe, relaxing haven in the heart of the metro, the residential community brings peace and quiet, as well as a sense of exclusivity for busy, weary professionals working at one of the most important business districts in the country.  Buying a unit in Lumiere Residences for sale is an ideal move if you plan to be near career and business opportunities.  Location - Pasig Boulevard , Barangay Bagong Ilog , Pasig City  Condominium property for sale in Bagong Ilog, Pasig, Metro Manila"
16,three bedroom unit in lumiere residences pasig city - 84 sqm,https://www.lamudi.com.ph/three-bedroom-unit-in-lumiere-residences-pasig-city-84-sqm.html,"₱ 12,000,000","three bedroom unit in lumiere residences pasig city - 84 sqm

Property Code: PB030
Project / Tower: LUMIERE RESIDENCES
Location: Lumiere Residences, Pasig City
Size: 84 SQ.M
Type: CONDOMINIUM
Bedrooms: Three (3) Bedrooms
Toilet & Bath: 2
Parking: 2 Slots
Furnishing: Semi Furnished
Developer: DMCI Homes
Other details:
- Tandem Parking
- Corner unit with 2 balconies
- Currently under home loan, once closed buyer can move in while waiting for title
Title Status: Mortgaged
Ownership: Individual
Occupancy: Owner Lived

Sale price: Php 12,000,000
Price inclusions: Capital Gains Tax, Professional Fee

For viewings, contact:

Angelique “TORJ” Toreja
AAA Realty / PRC 4912


#lumiereresidences
#lumiereresidencespasig
#pasigcondoforsale
#twobedroomcondounitforsale
#condoforsaleinpasigcity"
17,3BR unit for sale at Lumiere Residences – Pasig City,https://www.lamudi.com.ph/3br-unit-for-sale-at-lumiere-residences-pasig-city-1.html,"₱ 10,000,000","CONDOMINIUM Property Code:FS269Property Name: Lumiere Residences – Pasig CityPrice: ₱ 10,000,000.00Floor area: 83.50 sqmType: 3-Bedroom unitCondition: BareFeatures: 2 BalconiesParking: 1 slot"
18,"3 Bedroom Condominium for sale in Lumiere Residences, Pasig city",https://www.lamudi.com.ph/3-bedroom-condominium-for-sale-in-lumiere-residences-pasig-city.html,"₱ 11,910,000","3 Bedroom Condominium with Parking For Sale
Brand new
Price Includes One Parking Slot
Lumiere Residences
Bagong Ilog Pasig

Condominium property for sale in Bagong Ilog, Pasig, Metro Manila"
19,2 Bedroom Unit For Sale at Lumiere Residences Pasig,https://www.lamudi.com.ph/2-bedroom-unit-for-sale-at-lumiere-residences-16620053034.html,"₱ 7,500,000","Lumiere Residences 

For Sale 2 Bedroom Unit East Tower - Facing Pasig Boulevard

2 Bedroom 56sqm with balcony - Korean Layout Parking Slot - Basement 3 
Price all in 7,500,000.00"
20,"3 Bedroom Unit For Sale in Lumiere, Pasig",https://www.lamudi.com.ph/3-bedroom-unit-for-sale-in-lumiere-pasig.html,"₱ 10,000,000","A 3 br unit located at a higher floor in Lumiere Residences in Pasig. Unfurnished, and has 1 parking slot. Complete with amenities and facilities. For site visit, and inquiries, feel free to contact us at any of our contact numbers.   Condominium property for sale in Bagong Ilog, Pasig, Metro Manila"
21,"Two bedrooms Condominium for sale at Lumiere Residences, Pasig",https://www.lamudi.com.ph/two-bedrooms-condominium-for-sale-at-lumiere-residences-pasig.html,"₱ 6,000,000","LUMIERE RESIDENCES
Pasig Boulevard corner Shaw Boulevard, Pasig City

Unfurnished condo unit
2 bedrooms 
1 bathroom
48 sqm
Unit located on the 24th floor, facing Pasig side

Asking price:
Php 6M, CGT included
Clean title and updated tax

Condominium property for sale in Bagong Ilog, Pasig, Metro Manila"
22,Lumiere Residences 2 bedroom Condo - Selling Below Market Value,https://www.lamudi.com.ph/lumiere-residences-2-bedroom-condo-selling-below-market-value.html,"₱ 6,900,000","Lumiere Residences DMCI  
SELLING BELOW MARKET VALUE!!! 
OPEN FOR BROKERS 
Ready for Occupancy (RFO) North Tower 
2 Bedroom Unit with Balcony 
Korean Cut 
Brand New Unit Newly Turnover - Never been leased on/ lived on 
High Floor - 42nd floor 2 floors below Penthouse / Sky Lounge / Sky Gym Current Selling Price of DMCI: 6.9M  
Broker’s Commission: 3%Inhouse financing 
2.3M Cash payable to owner 3M + transfer fee of Php50000 payable to DMCI"
23,"2 Bedroom Fully Fitted in Lumiere Residences, Pasig City",https://www.lamudi.com.ph/2-bedroom-fully-fitted-in-lumiere-residences-pasig-city.html,Contact agent for price,"LUMIERE RESIDENCES""The Leading Light in Resort-Style Living""Lumiere Residences is a modern-tropical high-rise development that will light up Pasig City's illustrious skyline. This three-tower development is an archetype of engineering excellence and features DMCI Homes' building design innovation, Lumiventt to provide you a delightful living experience.Address: Pasig Blvd., cor. Shaw Blvd., Pasig CityTurnover Date: 20172-Bedroom E Inner Unit:Living & DiningKitchenBedroom 1Bedroom 2Toilet & Bath BalconyProject Features:24-hour Security Arrival CourtChildren's PlaygroundEntertainment RoomFitness GymFunction HallGame RoomGazebo / CabanaJogging / Biking PathLandscaped GardensLaundry StationPerimeter FencePool DeckPool Shower AreaProvision for CCTV CamerasSky LoungeStandby Electric GeneratorStudy RoomView DeckWater StationProvision for WiFiBuilding Features:Fire Alarm and Automatic Sprinkler SystemFire CabinetsFire ExitGarbage RoomsMailbox AreaParking SpacePassenger ElevatorsProvision for CCTVReception LobbyPrice Range: PHP 3,897,000 - PHP 10,882,000"
24,"2bedroom condo unit for sale near Estancia , Lumiere Residences",https://www.lamudi.com.ph/2bedroom-condo-unit-for-sale-near-estancia-lumiere-residences.html,"₱ 7,425,000","Lumiere ResidencesPasig Boulevard cor. Shaw Boulevard, Pasig City, Metro ManilaLumiere Residences features a contemporary tropical-inspired architecture as well as Lumiventt, a design technology that allows cross-ventilation for the improvement of aesthetics so unit owners can experience a genuine resort lifestyle.Live high and largeThe whole concept of living in the city is finding a residence that can and will cater to all its residents’ needs. Lumiere Residences just does that. Boasting of comfortable and spacious living spaces, extended patios, and garden atriums every five floors, this luxurious retreat is definitely exceptional in every aspect.Making its mark as a lifestyle community, this prestigious playground is host to state-of-the-art amenities that definitely seals the deal. Featured indoor facilities include a daycare center, an entertainment room, a game area, a gym, a study room, a sky lounge, a function hall, and an open lounge.And, just an elevator ride away are outdoor amenities such as swimming pools with shower area, a kiddie playground, a basketball court, a palm promenade, a sky park, a gazebo, and landscaped gardens.FEATURES & AMENITIES24-hour SecurityGymSwimming PoolPets AllowedGame RoomRetail AreaDay CareFunction RoomsPlaygroundBasketball CourtGazeboViewing DeckSky GardenThis condominium is near:RestaurantsJade Palace - 0.24 kmAmber Golden Cup - 0.29 kmLa Cosa Nostra - 0.34 km8oz CoffeeKitchen - 0.35 kmBerronis Pizza Resto Bar - 0.53 kmSchoolsRizal High School Annex - 0.46 kmPineda Elementary School - 0.46 kmSanta Rosa Catholic School - 0.52 kmOranbo Elementary School - 0.71 kmBagong Ilog Elementary School - 0.77 kmHospitalsMary Immaculate Hospital - 0.48 kmBDM Diagnostic Center - 0.52 kmRizal Medical Center - 0.62 kmBagong Ilog Health Center - 0.93 kmPasig Base - 0.93 kmSupermarketsEstancia - 0.85 kmMarks and Spencer - 0.88 kmEstancia - 0.89 kmPioneer Centre - 1.09 kmPuregold Jr. - 1.18 kmWhy Invest at DMCI Homes?*1st Quadruple (AAAA) construction firm in thePhilippines.*Lifetime Ownership*Pets are allowed*Bigger unit cuts*Resort-type amenities*24-Hour security*Flexible Payment TermsReservation Requirements*Valid ID*TIN*Proof of Billing*Php 20,000 to reserve a unit*Php 10,000 to reserve a parking slot"
25,"2bedroom condo unit for sale near Pioneer Centre, Lumiere Residences",https://www.lamudi.com.ph/2bedroom-condo-unit-for-sale-near-pioneer-centre-lumiere-residences.html,"₱ 7,500,000","Lumiere ResidencesPasig Boulevard cor. Shaw Boulevard, Pasig City, Metro ManilaLumiere Residences features a contemporary tropical-inspired architecture as well as Lumiventt, a design technology that allows cross-ventilation for the improvement of aesthetics so unit owners can experience a genuine resort lifestyle.Live high and largeThe whole concept of living in the city is finding a residence that can and will cater to all its residents’ needs. Lumiere Residences just does that. Boasting of comfortable and spacious living spaces, extended patios, and garden atriums every five floors, this luxurious retreat is definitely exceptional in every aspect.Making its mark as a lifestyle community, this prestigious playground is host to state-of-the-art amenities that definitely seals the deal. Featured indoor facilities include a daycare center, an entertainment room, a game area, a gym, a study room, a sky lounge, a function hall, and an open lounge.And, just an elevator ride away are outdoor amenities such as swimming pools with shower area, a kiddie playground, a basketball court, a palm promenade, a sky park, a gazebo, and landscaped gardens.FEATURES & AMENITIES24-hour SecurityGymSwimming PoolPets AllowedGame RoomRetail AreaDay CareFunction RoomsPlaygroundBasketball CourtGazeboViewing DeckSky GardenThis condominium is near:RestaurantsJade Palace - 0.24 kmAmber Golden Cup - 0.29 kmLa Cosa Nostra - 0.34 km8oz CoffeeKitchen - 0.35 kmBerronis Pizza Resto Bar - 0.53 kmSchoolsRizal High School Annex - 0.46 kmPineda Elementary School - 0.46 kmSanta Rosa Catholic School - 0.52 kmOranbo Elementary School - 0.71 kmBagong Ilog Elementary School - 0.77 kmHospitalsMary Immaculate Hospital - 0.48 kmBDM Diagnostic Center - 0.52 kmRizal Medical Center - 0.62 kmBagong Ilog Health Center - 0.93 kmPasig Base - 0.93 kmSupermarketsEstancia - 0.85 kmMarks and Spencer - 0.88 kmEstancia - 0.89 kmPioneer Centre - 1.09 kmPuregold Jr. - 1.18 kmWhy Invest at DMCI Homes?*1st Quadruple (AAAA) construction firm in thePhilippines.*Lifetime Ownership*Pets are allowed*Bigger unit cuts*Resort-type amenities*24-Hour security*Flexible Payment TermsReservation Requirements*Valid ID*TIN*Proof of Billing*Php 20,000 to reserve a unit*Php 10,000 to reserve a parking slot"
26,"2 BR w/ Balcony in Lumiere Residences, Pasig",https://www.lamudi.com.ph/2-br-w-balcony-in-lumiere-residences-pasig.html,"₱ 7,900,000","Code: MP- OP

2 BR w/ Balcony in Lumiere Residences
Shaw Blvd, Pasig City

2 Units Available (Adjacent unit)
2 Bedrooms 
1 Parking slot
Facing amenities
Semi-Furnished (with turnover finishes)
Ready for Occupancy (never been occupied)
Floor Area: 56 sqm each = 48 sqm + 8 sqm balcony
Price: Php 7,900,000  Negotiable

Preferably direct buyers only.
—
Contact us today!

Visit us at Unit 00179 Lower Level East Lane, Robinsons Galleria, EDSA corner Ortigas Avenue, Ortigas Center, Quezon City (beside NBI)

***We have more properties in other areas for sale or lease in
White Plains
Greenhills Village
Acropolis
Blue Ridge A
Blue Ridge B
Varsity Hills
St. Ignatius
New Manila
Corinthian Gardens
Greenmeadows
La Vista
Loyola Grand Villas
Forbes Park
Dasmariñas Village
Urdaneta Village
Bel-Air Village
San Lorenzo Village
Magallanes Village
San Miguel Village
Palm Village
AFPOVAI
McKinley West
McKinley Hill

*** INCOME OPPORTUNITIES FOR PART-TIME OR FULL-TIME SELLERS, ONLINE MARKETERS, AGENTS AND BROKERS. Contact us now to know more ***"
27,Lumiere Residences West Tower 2BR 1TB with 1 parking slot,https://www.lamudi.com.ph/lumiere-residences-west-tower-2br-1tb-with-1-parking-slot.html,"₱ 7,999,000","DETAILS

  2 Bedroom unit above atrium garden, facing amenities (West Tower) 56 sqm
  with 1 parking slot
  Clean Title and Ready for Occupancy
  Fully Furnished with High End Furniture and Appliances
  Interior-designed
  Custom Sofa and Dining Table and Sets
  Cash Payment Preferred (with discount) or Bank Financing (20% DP required for Bank Financing)
  Php200,000 earnest money required (deductible from List Price)
  CGT FOR THE ACCOUNT OF THE SELLER
  OTHER TAXES AND FEES AND NOTARIAL FEES FOR THE ACCOUNT OF THE BUYER
  Direct Buyers Only


DISTANCE TO KEY AREAS:
Are you going to the north or to the south of the metro? Wherever your destination is should not be a problem if you’re living in Lumiere Residences. A few drive to the west is EDSA and a few drive to the east is C5. Important and interesting places are within your reach and you’re just at the center of all
 
 Business Centers
· Ortigas Center - 2.0  Km
· Bonifacio Global City - 3.5  Km
· Makati CBD - 7.0  Km
· Libis  5.7 - Km

Commercial Establishments
· Capitol Commons - 0.75 Km
· Puregold Pioneer - 1.2 Km
· Shangri-la mall - 1.91 Km
· SM Megamall - 2.23 Km
· Forum Robinsons - 2.56 Km
· Market! Market! -  3.02 Km
· SM Supercenter Pasig - 3.67 Km
· Tiendesitas - 4.09 Km
· Eastwood - 5.7 Km
· Metrowalk - 2.3 Km
· MC Home Depot - 2.5 Km
· Madison Square - 2.0 Km
· Pioneer Center - 1.41 Km
· Ynares Stadium - 0.65 Km
· Philippine Sports Arena (Ultra) - 1.0 Km
· Frontera Verde - 3.4 Km

Schools
· St. Paul College - 1.58 Km
· University of Asia & the Pacific - 1.67 Km
· Lourdes School - 1.8 Km
· Pamantasan ng Lungsod ng Pasig - 2.16 Km
· Pasig Catholic College - 2.46 Km
· Domuschola International School - 1.33 Km

Hospitals
· Rizal Medical Center - 0.59 Km
· The Medical City - 2.87 Km
· Pasig City General Hospital - 5.05 Km
· St. Therese Hospital - 4.28 Km"
28,3-bedroom Fully Furnished Condo Unit in Lumiere Residences,https://www.lamudi.com.ph/3-bedroom-fully-furnished-condo-unit-in-lumiere-re-165860772846.html,"₱ 13,500,000","- Feel the comfort of a spacious transitional-designed living space with all utilities you need
- Go full vacation mode with resort-style amenities like the swimming pool, sky lounge and more.
- Marvel at the amazing views of the Antipolo hills and the Metro skyscrapers right from your unit
- Hop on a cab, jeepney and/or train to take you to nearby attractions in the Metro

For your comfort:
- 2 Smart TVs with local channels, Netflix and other apps
- High thread count bed sheets with mattress and pillow protectors
- Shower heaters
- Large dining space with custom bench and chairs
- Several shelves, drawers and cabinets available for use
- Reading lights in masters bedroom
- Air conditioning
- Balcony area from the Living Room with a view of Makati and Mandaluyong
- Balcony area from the Masters Bedroom with a view of the community amenities and Antipolo

For your confidence:
- Double locking entrance door
- Smoke detectors
- Masters Bedroom drawer with lock
- 24x7 security

For your convenience:
- High-speed fiber optic internet
- Wireless telephone with an extension unit
- 7.8kg fully auto washer
- 12 cu. ft. refrigerator
- Cooking range with 4 electric hot plates and an electric oven/grill
- Range hood
- Microwave oven
- Rice cooker
- Electric kettle
- Full cookware
- Full dishware
- Kitchen island
- Shoe cabinet
- Iron and iron stand
- Laundry drying rack 
- Hangers

For your pleasure:
- Swimming pool
- Landscaped gardens
- Gazebo
- Entrance lobby with generous sitting space
- Sky lounge
- View deck
- Basketball courts
- Fitness gym
- Biking and jogging path"
29,"1 Bedroom Unit for Sale at Lumiere Residences, Pasig City",https://www.lamudi.com.ph/1-bedroom-unit-for-sale-at-lumiere-residences-pasig-city.html,"₱ 5,200,000","Ready for Occupancy.
Along Pasig Boulevard walking distance to Capitol Commons, Estancia Ayala Mall and other cimmercial establishments

Tower East Building
1bedroom with Balcony facing Antipolo
28 sqm, 4 sqm balcony
1 parking

Current DMCI Selling Price
1BR Unit: 5M
Parking: 860K
Not inclusive of other fees

My Selling Price: 5.2M All in. Inclusive of CGT


Niña Dela Cruz
Licensed Real State Broker"
30,For Sale Lumiere Residences North Tower corner unit with parking,https://www.lamudi.com.ph/lumiere-residences-north-tower-with-parking-16625358077.html,"₱ 7,900,000","2 BR corner unit, 1 T&B

North Tower - newest tower at LMR

2 Balconies facing Shaw Blvd / Ortigas CBD & Antipolo

With 12.5 sqm parking

Fully paid waiting for CCT release

Semi-furnished; Master BR - bare

With Globe Home Fiber connection

Turned over Dec 2020 and used by my son - vacant since Feb 2022

Near new BGC / Ortigas Bridge link

Near future Subway station

In between BGC and Ortigas CBD

Present DMCI market price is 9.8+M

Discount for cash buyer / 20% DP for bank financing

CGT by buyer

Viewing by appointment"
31,For Sale Fully Furnished 2 Bedroom Unit at Lumiere Residences,https://www.lamudi.com.ph/for-sale-fully-furnished-2-bedroom-unit-at-lumiere-residences.html,"₱ 6,500,000","Address: Pasig Blvd, Pasig City
49 sqm
2 Bedrooms with balcony
1 Bathrooms
Fully furnished
6.5M All In


AMENITIES:

24-hour Security
Gym
Swimming Pool
Pets Allowed
Game Room
Retail Area
Day Care
Function Rooms
Playground
Basketball Court
Gazebo
Viewing Deck
Sky Garden"
32,2 bedroom with parking slot in Lumiere residences for sale,https://www.lamudi.com.ph/2-bedroom-with-parking-slot-in-lumiere-residences-for-sale.html,"₱ 9,000,000","56    sqm. Lot area
12.50 sqm. lot area

2 bedrooms
1 bathroom
semi furnished"
33,"For Sale 2BR 49sqm Unit at Lumiere Residences w/ Carpark in Bagong Ilog, Pasig",https://www.lamudi.com.ph/for-sale-2br-49sqm-unit-at-lumiere-residences-w-carpark-in-bagong-ilog-pasig.html,"₱ 6,450,000","Lumiere Residences North Tower  2 Bedroom 49 sqm  Bare unit  with 1 carpark  Sale price: Php 6.45MFor Sale: 2 Bedroom, 49 sqm Bare Unit at Lumiere Residences, with 1 Carpark in Bagong Ilog, Pasig"
34,For Sale: Lumiere Residences North Tower I 2 Bedroom Unit Facing Southeast,https://www.lamudi.com.ph/for-sale-lumiere-residences-north-tower-i-2-bedroom-unit-facing-southeast.html,"₱ 7,938,000","Lumiere Residences North Tower Unit  4114  2 Bedroom Facing Southeast 56 sqm  Php 7,938,000 For Sale Condominium 2 Bedroom unit at Lumiere Residences in Bagong Ilog Pasig Metro Manila   Price: 7938000 Bedroom: 2 Floor Area: 56"
35,"For Sale 2 Bedroom Condominium Unit at Lumiere Residences, Pasig City",https://www.lamudi.com.ph/for-sale-2-bedroom-condominium-unit-at-lumiere-residences-pasig-city.html,"₱ 6,400,000","2BR Condo Unit at Lumiere Residences, Pasig

Property Code: FS471
Property Name: Lumiere Residences – West Tower, Pasig
Price: ₱ 6,400,000.00
Floor area: 56 sq.m
Type: 2-Bedroom unit
Parking: 1 Parking slot"
36,"For sale! Lumiere west unit atrium level  facing bgc, Bagong Ilog, Pasig",https://www.lamudi.com.ph/for-sale-lumiere-west-unit-atrium-level-facing-bgc-bagong-ilog-pasig.html,"₱ 3,800,000","For Sale Condominium 1 bedroom unit at Lumiere Residences in Bagong Ilog Pasig Metro Manila
Price: 3800000
Bedroom: 1
Floor Area: 28
For sale!
Lumiere west 
unit 3307 
28sqm atrium level
 facing bgc 
rfo titled
3.8m asking price
3.6m cash price

Please text me for details"
37,"For Sale: 2BR Unit in Lumiere Residences North Tower, Pasig City",https://www.lamudi.com.ph/for-sale-2br-unit-in-lumiere-residences-north-tower-pasig-city-1.html,"₱ 5,100,000","FOR SALE: 2BR Unit in Lumiere Residences North Tower, Pasig City   DC-CM Lumiere Residences North Tower,  2 BR  2 TB 49 sqm  Korean Layout  BRAND NEW Bare  2 Parking Slot - PhP 1.8M  (right beside elevator) For Sale: Php 5,100.000"
38,For Sale 49sqm 2BR Condo Unit with balcony at Lumiere Residences in Pasig City,https://www.lamudi.com.ph/for-sale-49sqm-2br-condo-unit-with-balcony-at-lumiere-residences-in-pasig-city.html,"₱ 6,000,000","Lumiere Residences 2-Bedroom Unit for Sale, Pasig City
Lumiere Residences

Floor Area: 49 sqm

2 Bedroom
1 Toilet and bath
With Balcony
Unit #917 of North tower 
Facing amenities 

Price: 6M.
Cash 

Location: Pasig Boulevard, Bagong Ilog, Pasig City
Send as a message for complete details"
39,Fully-furnished 2-Bedroom For Sale at Lumiere West Tower near Capitol Commons,https://www.lamudi.com.ph/fully-furnished-2-bedroom-for-sale-at-lumiere-west-tower-near-capitol-commons.html,"₱ 7,500,000","Lumiere Residences West Tower Pasig Blvd., Pasig City near Kapitolyo/Capitol Commons  2-Bedroom, 56 sqm Fully-furnished Selling Price : P 7.5Million  For Sale Condominium 2 Bedroom unit at Lumiere Residences in Bagong Ilog Pasig Metro Manila   Price: 7500000 Bedroom: 2 Floor Area: 56"
40,"For Sale 2 Bedroom at Lumiere Residences East Tower with One Parking Slot, Pasig",https://www.lamudi.com.ph/for-sale-2-bedroom-at-lumiere-residences-east-tower-with-one-parking-slot-pasig.html,"₱ 8,000,000","The leading light in resort-style living
FOR SALE
Lumiere Residences 
Location: 34th Floor, East Tower, Pasig Blvd cor. Shaw Blvd, Brgy. Bagong Ilog, Pasig City
2BR (w 1 Parking) Ready for Occupancy and Fully Furnished.
Price: Php8,000,000

Lumiere Residences is a modern-tropical high-rise development that will light up Pasig City's illustrious skyline. This three-tower development is an archetype of engineering excellence and features DMCI Homes' building design innovation, Lumiventt to provide you a delightful living experience."
41,"Rush! 2 bedrooms for sale at Lumiere Residences, Bagong Ilog, Pasig City",https://www.lamudi.com.ph/rush-2-bedrooms-for-sale-at-lumiere-residences-bagong-ilog-pasig-city.html,Contact agent for price,"Condo name: Lumiere Residences  near BGC Makati   Condo developer: DMCI Address: Shaw Blvd, Pasig City Floor number: 31/F (TWO BARE UNITS) Unit type : 2BR  Unit size (sqm)  56 sqm = 48 sqm + 8sqm (balcony) Orientation: Facing amenities Furnishings (bare/fully-furnished): bare (with turnover finishes) Date acquired: Two units were turned over last November 2019; never been occupied Asking price: 7mil unit only each negotiableRush! 2 bedrooms for sale at Lumiere Residences, Bagong Ilog, Pasig City"
42,"4 Bedrooms 2 Baths 2 Parking for Sale near BGC Lumiere Residences, Pasig C008",https://www.lamudi.com.ph/4-bedrooms-2-baths-2-parking-for-sale-near-bgc-lumiere-residences-pasig-c008.html,Contact agent for price,"Four-Bedroom Lumiere Residences Unit for Tandem with Two Parking 12.8M Condo near BGC C008 

Super Rare Four Bedroom Lumiere Lumiere Unit for Tandem w 2 Parking BELOW MARKET PRICE for SALE at 12.8M only!  

Floor Area: 112 sqm 
Bedrooms: 4 
Bathrooms: 2 
Balconies: 2 
Parking: 2 

Separate Slots  31st floor 

Unit B3 Parking (Two Separate Parking Slots)  

NOTE: The 2 units are still SEPARATE; tandem is buyer's cost. 

Furnished photos are taken at our 3BR model unit.  

Current DMCI Price: 19.22M Selling only for: 12.8M only 

Save: 6.42M!!! Transfer Fees 200K care of Buyer  

PLS NOTE: Future CGT/DST care of New Buyer if applicable. Units are under inhouse financing so buyer only needs to settle transfer fees of 200K to DMCI  
_ _ _  

If you're looking for a big space near BGC and Ortigas with complete resort amenities and space that lets you breathe comfortably, this is the perfect condo for your family!  

Inquire now and trust only licensed real estate brokers."
43,"1 Bedroom Condo unit for Sale in Lumiere Residences, Pasig City",https://www.lamudi.com.ph/1-bedroom-condo-unit-for-sale-in-lumiere-residences-pasig-city.html,"₱ 3,150,000","1 Bedroom unit for sale in Lumiere Residences

Details:
> 34th floor West Tower
> 1 Bed 1 Bath
> 28 sqm
> Fully Furnished
> with balcony Facing Amenities

For Sale at Php 3,150,000
** Open for Rent to Own **
Book a viewing now!

➢Lumiere Suites is a two-tower, high-rise residential estate located in Ortigas Center, Pasig City. It offers amenities such as: lap pool, kiddie pool, play area, and multi-purpose area.

Condominium property for sale in Bagong Ilog, Pasig, Metro Manila"
44,"2BR Atrium Condo facing Antipolo with 1 Parking Slot in Lumiere, Pasig  C018",https://www.lamudi.com.ph/2br-atrium-condo-facing-antipolo-with-1-parking-slot-in-lumiere-pasig-c018.html,"₱ 6,100,000","Lumiere 2BR Atrium facing Antipolo with 1 Parking Slot  C018

This 2BR unit at Lumiere Residences is a perfect place for a couple or family who wants to be 7 minutes away to BGC or Ortigas. Complete with resort amenities, unwind after a day's work and recharge for next day's hustle.  

East Tower 
Bedrooms: 2 
Bathroom: 1 
Balcony: 1 
Parking Slot: 1  
Floor Area: 53.5 sqm 

Facing East/Antipolo Mountains  

Selling price: 6,100,000  

Hurry before it's gone.  Deal only with PRC registered brokers. Stay safe!"
45,"Fire Sale!!! 1 Bedroom Unit For Sale in Lumiere Residences, Pasig City",https://www.lamudi.com.ph/fire-sale-1-bedroom-unit-for-sale-in-lumiere-residences-pasig-city.html,"₱ 3,150,000","FIRE SALE!! Investor Special!
1 Bedroom Unit For Sale in Lumiere Residences, Pasig City

Details:
➢32nd floor West Tower
➢1 Bed 1 Bath
➢28 sqm
➢Fully Furnished
➢with balcony Facing Amenities
➢Tenant in place

For Sale at Php 3,150,000
** Open for Rent to Own **
Book a viewing now!

➢Lumiere Suites is a two-tower, high-rise residential estate located in Ortigas Center, Pasig City. It offers amenities such as: lap pool, kiddie pool, play area, and multi-purpose area.

Condominium property for sale in Bagong Ilog, Pasig, Metro Manila"
46,For Sale 2 Bedroom Fully Furnished Unit at Lumiere Residences (with Parking),https://www.lamudi.com.ph/for-sale-2-bedroom-fully-furnished-unit-at-lumiere-residences-with-parking.html,"₱ 7,680,000","RUSH SALE! Prime Location: Pasig Blvd, cor Shaw Blvd DMCI Lumiere Residences: East Tower (Facing Antipolo) Resort Type Living Japandi Interior Design: Elegant Japanese Design + Modern & Functional Scandinavian Design Parking: Basement 3 Turnover: 

Ready for Occupancy Flexible Payment Terms Price Increase in your Investment Guaranteed"
47,For Sale Slightly used 3 Bedroom Fully Furnished Condo with Parking in Lumiere,https://www.lamudi.com.ph/for-sale-slightly-used-3-bedroom-fully-furnished-condo-with-parking-in-lumiere.html,"₱ 10,500,000","Resale Slightly used 3 Bedroom Fully Furnished Condo with Parking in Lumiere Residences, Pasig near Capitol Commons and C5 developed by DMCI Homes

Details:
Floor Area: 83.50 sqm
3 Bedrooms
2 Bathroom
Living, Dining and Kitchen
2 Balconies
Parking (Included)

Selling Price: Php10,500,000 (negotiable upon viewing)"
48,"For Sale: Lumiere Residences 2BR West Tower Condo Unit, Pasig City",https://www.lamudi.com.ph/for-sale-lumiere-residences-2br-west-tower-condo-unit-pasig-city.html,"₱ 6,800,000","Lumiere Residences
West Tower
23rd floor
Atrium Level
Facing Amenities
2 bedrooms with balcony
56sqm total area
6m unit price
7mil unit with parking
Can be 6.8m last price"
49,2 Bedroom Condominium Unit For Sale at Lumiere Residences by DMCI in Pasig City,https://www.lamudi.com.ph/2-bedroom-condominium-unit-for-sale-at-lumiere-res-166237970110.html,"₱ 8,000,000","2 Bedroom condominium for sale at Lumiere Residences by DMCI in Pasig City  

2 bedrooms 
1 toilet and bath 
floor area - 65sqm 
high floor level unit 
bare 
parking slot included"
50,For Sale 1BR Fully Furnished in Lumiere Residences Along Shaw Blvd,https://www.lamudi.com.ph/for-sale-1br-fully-furnished-in-lumiere-residences-165879877199.html,"₱ 4,000,000","For Sale 1 Bedroom Unit in Lumiere Residences A project of Dmci Homes located along Shaw Boulevard Fully furnished With balcony 28 sqm 12th floor Complete amenities Security 24/7 For more details and viewing schedule, please message or call Ms. Judie"
51,Brand New RFO 2-Bedroom Unit at Lumiere Residences for Sale in Pasig,https://www.lamudi.com.ph/brand-new-rfo-2-bedroom-unit-at-lumiere-residences-for-sale-in-pasig.html,"₱ 5,600,000","Lumiere Residences
North Tower
2 Bedroom 49 sqm
Brand New, RFO
Unit is one floor below penthouse
5.6m po tcp inclusive of transfer fee and closing fee
200k DP
2.6M Bank Loan
2.5M Cash"
52,"2 Bedroom Unit For Sale at Lumiere Residences, Bagong Ilog, Pasig City",https://www.lamudi.com.ph/2-bedroom-unit-for-sale-at-lumiere-residences-bago-165925489118.html,"₱ 9,000,000","Lumiere Residences (DMCI) Shaw Blvd Bagong Ilog Pasig city 
27 floor 56sqm 2 Bedroom with balcony new renovated with parking 
Price: 9M 
Kasama na mga furniture's Near BGC mall Near mandaluyong Near ortigas Near makati"
53,"Condo For Sale: DMCI Lumiere Residences North Tower 2BR in Bagong Ilog, Pasig",https://www.lamudi.com.ph/condo-for-sale-dmci-lumiere-residences-north-tower-2br-in-bagong-ilog-pasig.html,Contact agent for price,"Condominium property for sale in Bagong Ilog, Pasig, Metro Manila

For Sale:
DMCI Lumiere Residences
Pasig City
North Tower
2BR (A)
48 sqm unit
8 sqm balcony
11th floor
Facing amenities
No Parking
Turnover (Aug 2020 - tentative)
Assume Balance"
54,"For Sale 2Bedroom 49sqm in Lumiere Residences, DMCI Homes Pasig Boulevard",https://www.lamudi.com.ph/for-rent-2bedroom-49sqm-in-lumiere-residences-dmci-homes-pasig-boulevard.html,"₱ 6,000,000","DMCI Homes RFO Condo For Sale in Pasig Boulevard, Pasig City, Lumiere  Residences 49 sqm 2 Bedroom near Capitol Commons and EDSA.
Condo for Sale in Pasig City

  Floor Area - 49sqm
  No. of Bedroom - 2
  No. of Toilet and bath - 1
  RFO with balcony fully finished facing Amenities
  Price - 6,000,000
  Floor Number - 9th Floor North Building
  Location: Pasig Boulevard, Pasig City"
55,"2BR Condo for Sale in Lumiere Residences, Bagong Ilog, Pasig - RS4608381",https://www.lamudi.com.ph/2br-condo-for-sale-in-lumiere-residences-bagong-il-166069465271.html,"₱ 7,000,000","This condominium for sale with a floor area of 56 sqm is located at Lumiere Residences, Bagong Ilog, Pasig. This unfurnished property features 2 bedrooms and 1 bathroom. It also offers convenient access to lifestyle options and alternatives for relaxation and enjoyment for individuals and families in a progressive neighborhood. Potential home buyers can expect to enjoy a balcony/terrace and full access to the gym and swimming pool."
56,"2BR Condo for Sale in Lumiere Residences, Bagong Ilog, Pasig - RS4608481",https://www.lamudi.com.ph/2br-condo-for-sale-in-lumiere-residences-bagong-il-166069465430.html,"₱ 7,000,000","This condominium for sale with a floor area of 56 sqm is located at Lumiere Residences, Bagong Ilog, Pasig. This unfurnished property features 2 bedrooms and 1 bathroom. It also offers convenient access to lifestyle options and alternatives for relaxation and enjoyment for individuals and families in a progressive neighborhood. Potential home buyers can expect to enjoy a balcony/terrace and full access to the gym and swimming pool."
57,Below market value! 2 bedrooms with parking for sale near bgc makati lumiere,https://www.lamudi.com.ph/below-market-value-2-bedrooms-with-parking-for-sale-near-bgc-makati-lumiere.html,"₱ 6,500,000",FOR SALE!Lumiere ResidencesWest Tower17th floor unitFacing amenities2 bedrooms unit1 tb with balcony56sqm total area6.9m previous price Now ONLY 6.5m negotiated With one parkingFurnished unitReady for occupancySee to appreciate
58,Three (3) Bedroom Condo Unit with 2 Parking in Lumiere Residences by DMCI Homes,https://www.lamudi.com.ph/beautiful-3-bedroom-condo-unit-with-2-parking-in-lumiere-residences-by-dmci.html,"₱ 10,900,000","Lumiere Residences by DMCI Homes 
West Tower 
31st Foor 
Corner Unit 
3 bedroom ( converted to two bedroom unit ) 
2 bathroom 
Upgraded unit 
With built-in cabinets 
2 parking slots (side-by-side parking)

Must see to appreciate the unit!"
59,3 bedrooms with parking for sale near Ortigas Mandaluyong Kapitolyo Lumiere,https://www.lamudi.com.ph/3-bedrooms-with-parking-for-sale-near-ortigas-mandaluyong-kapitolyo-lumiere.html,"₱ 11,000,000",FOR SALE:Lumiere ResidencesWest Tower28th floor unitFacing BGC Makati3 bedrooms unit2 tb with balcony81.5sqm total area12mil previous price Now ONLY 11mi negotiated With parking at Basement 1Turnover Furnish unitReady for occupancySee to appreciate
60,"For Sale 2 Bedroom Unit at Lumiere North Tower (DMCI), Pasig",https://www.lamudi.com.ph/for-sale-2-bedroom-unit-at-lumiere-north-tower-dmci-pasig.html,"₱ 6,700,000","****FURTHER REPRICED****

Best Buy-New DMCI Homes' Lumiere North Tower
>Never been occupied
>Transfer of Ownership
>Atrium 2 br unit with skypatio across
>56 sqm with balcony
>with Basement 1 parking slot
>@ ₱6,700,000 gross

Condominium property for sale in Bagong Ilog, Pasig, Metro Manila"
61,Resale Slightly used 3 Bedroom Fully Furnished Condo with Parking in Lumiere,https://www.lamudi.com.ph/resale-slightly-used-3-bedroom-fully-furnished-condo-with-parking-in-lumiere-1.html,"₱ 10,500,000","Resale Slightly used 3 Bedroom Fully Furnished Condo with Parking in Lumiere Residences, Pasig near Capitol Commons and C5 developed by DMCI Homes

Details:
Floor Area: 83.50 sqm
3 Bedrooms
2 Bathroom
Living, Dining and Kitchen
2 Balconies
Parking (Included)

Selling Price: Php10,500,000 with parking
(negotiable upon viewing)"
62,Lumiere Residences - Spacious 2BR (Originally 3BR) with 2 Single Parking Slot,https://www.lamudi.com.ph/lumiere-residences-spacious-2br-originally-3br-with-2-single-parking-slot.html,"₱ 11,200,000","LUMIERE RESIDENCES  in Pasig Blvd near Capitol Commons / BGC / Ortigas
(spacious 2BR (Originally 3BR) with 2 Single Parking

2BR 83sqm (2 Toilet and Bath) 2 Balconies
11.2M (CGT Included)

West Tower 3101 with 2 slots of single parking (Basement 5, near elevator)

Included: 

Custom-built closet/cabinets 
2 heaters
Inverter Aircons"
63,"For Sale: Php 6M 2 Bedroom Condo at Lumiere West Tower, Pasig City",https://www.lamudi.com.ph/for-sale-php-6m-2-bedroom-condo-at-lumiere-west-tower-pasig-city.html,"₱ 6,000,000","FOR SALE

CGM-DFS2-0051
Pasig City
32nd Floor
Lumiere West Tower
2 bedroom
56 sqm
No parking
Fully Furnished
Direct

SELLING PRICE: Php 6,000,000

CGM Property

Condominium property for sale in Bagong Ilog, Pasig, Metro Manila"
64,"2 BR Unit at DMCI Lumiere nr BGC and Mandaluyong for Sale in Bagong Ilog, Pasig",https://www.lamudi.com.ph/2-br-unit-at-dmci-lumiere-nr-bgc-and-mandaluyong-for-sale-in-bagong-ilog-pasig.html,"₱ 6,500,000","LUMIERE RESIDENCES
Pasig Blvd. cor Shaw Blvd., Pasig

Developer: DMCI

2 BEDROOM UNIT FOR SALE

Floor Area: 56 sqm
2BR
1TB
Balcony facing amenities and Mandaluyong skyline

Asking Price: Php 6.5M

Condominium property for sale in Bagong Ilog, Pasig, Metro Manila"
65,3 bedrooms condo with parking for sale in Kapitolyo near Capitol Commons Lumiere,https://www.lamudi.com.ph/3-bedrooms-condo-with-parking-for-sale-in-kapitolyo-near-capitol-commons-lumiere.html,"₱ 10,900,000",FOR SALE!Lumiere ResidencesEast Tower29th floor unitFacing BGC Makati3 bedrooms unit2 tb with balcony81.5sqm total area10.9mil previous price Now ONLY 10.5mil reduced priceWith parking at Basement 3Finished unitReady for occupancySee to appreciate
66,2 bedrooms furnished condo with parking for sale near Makati BGC Lumiere in Shaw,https://www.lamudi.com.ph/2-bedrooms-furnished-condo-with-parking-for-sale-near-makati-bgc-lumiere-in-shaw.html,"₱ 7,000,000",FOR SALE:Lumiere ResidencesEast Tower15th floor Facing East/ morning 2 bedrooms with balcony56sqm total area7mil asking price WITH PARKINGFurnished unitReady for occupancyUnit viewable2.5m balance from bankCan be for bank financing
67,"3 bedroom unit for sale at Lumiere Residences, Bagong Ilog, Pasig",https://www.lamudi.com.ph/3-bedroom-unit-for-sale-at-lumiere-residences-bagong-ilog-pasig.html,"₱ 9,000,000","Lumiere Residences
near Fort Makati
Selling 3br condo unit
@ 15th floor East Tower
 DMCI Developer 

*RFO (semi Furnished)
* Clean Title/ Title on hand
* 83.5 sqm
*facing Antipolo Area
* 2 toilet & bath
* 2 balconies
* electric range and hood
* built in Cabinets
* bed frame and mattress 
* dresser
* wardrobe
* water heater on both bathrooms
*pet friendly  
Selling Price - 9.5m negotiable
PM ASAP for viewing!"
68,3 bedrooms with parking for sale near the Fort Global City Makati Lumiere Shaw,https://www.lamudi.com.ph/3-bedrooms-with-parking-for-sale-near-the-fort-global-city-makati-lumiere-shaw.html,"₱ 10,000,000","RUSH SALE!
Lumiere Residences
West Tower
8th floor unit
Facing BGC Makati
3 bedrooms unit
2 tb with balcony
81.5sqm total area
10.9mil previous price 
Now ONLY 10.5mil negotiated 
With TANDEM/ two parking
Furnished unit
Ready for occupancy

#dmci
#lumiereresidences
#3br
#3bedrooms
#3brforsale
#3bedroomsforsale
#condoforsaleinpasig
#condoforsalenearcapitolcommons
#condoforsalenearshangrila
#condoforsalenearc5"
69,"2 Bedroom Condominium with Balcony For Sale, Lumiere Residences by DMCI Pasig",https://www.lamudi.com.ph/2-bedroom-condominium-with-balcony-for-sale-lumiere-residences-by-dmci-pasig.html,"₱ 6,000,000","FOR SALE: Lumiere Residences by DMCI 
                   2 Bedroom with Balcony

Size: 56sqm, 2 bedroom with balcony, 1bath with Basement 1 parking slot 
(unit is located at the Atrium Level on a High Floor above 30th) Bare unit   

Only direct clients or PRC licensed broker will be entertained. Thank you and God bless

Terence Ong
PRC#92389
Pareb CTREB Past-Director

Condominium property for sale in Bagong Ilog, Pasig, Metro Manila"
70,"2BR Condominium unit for sale near BGC and Ortigas, Lumiere, Pasig C019",https://www.lamudi.com.ph/2br-condominium-unit-for-sale-near-bgc-and-ortigas-lumiere-pasig-c019.html,"₱ 7,000,000","Lumiere 2BR Near BGC and Ortigas C019  

This 2BR unit is a comforatable place to for family or couple who wants to get an easy access to BGC or Ortigas. With its top-notch amenites you get a place to refresh after a busy day.   

27th floor 
2BR 56 sqm  
Parking B4129 7M Inc of CGT (if applicable)  and 5% PF  

Under inhouse financing With around 15 mos of amortizations left at 60K/mo"
71,Lumiere Residences 2 Bedroom Condo and parking for sale in Pasig - 7.5M,https://www.lamudi.com.ph/lumiere-residences-2-bedroom-condo-and-parking-for-sale-in-pasig-7-5m.html,"₱ 7,500,000","Lumiere Residences 2br and parking 7.5M

- Clean title, fully paid
- 2BR 
- 54 sqm
- 1 Parking
- 1 Toilet and Bath
- 7.5M gross

₱7,500,000 SALE

We offer FREE property consultation

Please send a DM so we can assist you

RealEstate #RealEstateInvestment
#Investment #Property #PropertyInvestment #CapitalAppreciation
#RealusPH #LuxuryRealEstate #Luxury #House #Condo #Lot #Building #Commercial # Residential #HighEnd #Exclusive #Village #Property #RealEstatePhilippines

Condominium property for sale in Kapitolyo, Pasig, Metro Manila"
72,"For Sale 28 sqm, 1 Bedroom Condominium Unit in Lumiere Residences at Pasig City",https://www.lamudi.com.ph/for-sale-28-sqm-1-bedroom-condominium-unit-in-lumiere-residences-at-pasig-city-1.html,"₱ 3,500,000","Lumiere Residences

Unit Number: Unit 2218
Floor: 22nd Floor
Tower: East Tower
Floor Area: 28 sqm
Number of Bedroom: 1 Bedroom
Number of Toilet and Bath: 1 Toilet and Bath

Asking Price: Php 3,500,000

Balance to DMCI or Bank: 1.7M Payable Until 2033
Title Status: Available, Collateralized with Bank
Tenanted or Not: Tenanted (1) for 2 years
Broker's Professional Fee: One Time Upon Close of Sale - 30K"
73,"For Sale 2 Bedroom Unit with Parking at Lumiere Residences, North Tower, Pasig",https://www.lamudi.com.ph/for-sale-2-bedroom-unit-with-parking-at-lumiere-re-165988055871.html,"₱ 6,500,000","Lumiere Residences is a modern-tropical high-rise development that will light up Pasig City's illustrious skyline. This three-tower development is an archetype of engineering excellence and features DMCI Homes' building design innovation, Lumiventt to provide you a delightful living experience.  

-2 Bedroom Deluxe corner unit 
-65sqm with 2 balconies 
-facing mandaluyong & amenities 
-with parking slot  
-for CASH payment only!

Selling Price: Php 6,500,000.00 

 Send Inquiries for more details!"
74,"DMCI Homes RFO Condo For Sale in Pasig City, Lumiere Residence 1 Bedroom 28 sqm.",https://www.lamudi.com.ph/dmci-homes-rfo-condo-for-sale-in-pasig-city-lumiere-residence-1-bedroom-28-sqm.html,"₱ 3,800,000","DMCI Homes RFO Condo For Sale in Pasig Boulevard, Pasig City, Lumiere  Residences 28 sqm 1 Bedroom near Capitol Commons and EDSA.
Condo for sale in Pasig City

  Floor Area - 28sqm
  No. of Bedroom - 1
  No. of Toilet and bath - 1
  RFO with balcony fully furnished facing Amenities 
  Total Contract Price - 3,800,000
  Floor Number - 15th Floor East Building 
  Location: Pasig Boulevard, Pasig City"
75,3BR Condominium unit in Lumiere Residences Pasig For Sale with 2 parking slot,https://www.lamudi.com.ph/3br-condominium-unit-in-lumiere-residences-pasig-for-sale-with-2-parking-slot.html,"₱ 12,000,000","FOR SALE Lumiere Residences Address: Pasig Blvd., Pasig City 3BR unit 11th floor West tower 84 SQM Corner unit 2 Balconies 2 T&B 2 parking slots (tandem) Semi-furnished *Currently under home loan. Cash or Bank financing (can be negotiate upon viewing)  for faster responce you can call or text me.  Condominium property for sale in Bagong Ilog, Pasig, Metro Manila"
76,For Sale 3 Bedroom with parking slot Lumiere Residences Condo in Pasig Shaw,https://www.lamudi.com.ph/3-bedroom-with-parking-slot-for-sale-lumiere-resid-166202237628.html,"₱ 12,000,000","For Sale 3 bedroom
Lumiere Residences
Shaw blvd.Pasig Blvd.
83.50 sqm
with parking basement 1
East Tower
corner unit
Facing Morning Sun / Antipolo Hills

Seling Price : 12 Million with CGT

Also for Rent;
 45K per month

STRICTLY : DIRECT BUYERS / TENANT ONLY
(no to brokers)

For actual viewing call :
Virgie Navarro"
77,Mandaluyong & Pasig 1BR Semi Furnished Lumiere Condominium with Parking for Sale,https://www.lamudi.com.ph/mandaluyong-pasig-1br-semi-furnished-lumiere-condominium-with-parking-for-sale.html,"₱ 5,500,000","This Brand New One Bedroom Unit in East Tower of Lumiere Residences has a nice set up, it has fixed cabinets in the Living Room, Bedroom and Bathroom which maximized the whole area. Balcony is facing east, very windy, you rarely will need airconditioning unit.Furnished with Bed, mini sofas, small fridge, microwave oven, electric range with range hood, water heater in the bathroom and bathroom glass door.Near Pasig Kapitolyo, along shaw blvd and Pasig Blvd.Price includes parking unit already. See to appreciate  Condominium property for sale in Bagong Ilog, Pasig, Metro Manila"
78,Corner Unit 2BR Condo for Sale LUMIERE RESIDENCES DMCI Pasig Shaw Boulevard,https://www.lamudi.com.ph/corner-unit-2br-condo-for-sale-lumiere-residences-dmci-pasig-shaw-boulevard.html,"₱ 7,100,000","LUMIERE RESIDENCES by DMCI, East Tower, Pasig Cor. Shaw Blvd., Pasig City
Near C5 going to BGC and Ortigas via Capitol Commons area
Bnew 2br 
65sqm 
with parking
1tb and  2 balcony
Finished Unit 
For lease at P35k per month
Open for sale for 7.1M

Actual Unit Available for Viewing! 
For Inquiries: 
 
Jayson ""Mr. Ortigas"" Manaol"
79,2 bedroom for sale w/ parking near Capitol Commons Megamall Lumiere Residences,https://www.lamudi.com.ph/2-bedroom-for-sale-w-parking-near-capitol-commons-megamall-lumiere-residences.html,"₱ 7,000,000","Lumiere Residences along Shaw BlvdEast Tower2bedrooms with balconyWith parking7m asking price negotiableFurnished unitReady for occupancySee to appreciateLumiere ResidencesPasig Blvd., cor. Shaw Blvd., Pasig CityThe leading light in resort-style livingLumiere Residences is a modern-tropical high-rise development that will light up Pasig City's illustrious skyline. This three-tower development is an archetype of engineering excellence and features DMCI Homes' building design innovation, Lumiventt to provide you a delightful living experience.Master PlanLook at how our developments are expertly planned to suit up to your lifestyle.13,831 sqmLand AreaHigh Rise CondominiumsDevelopment TypeModern-tropicalArchitectural ThemeGeneral Facilities24-hour SecurityArrival CourtChildren's PlaygroundEntertainment RoomFitness GymFunction HallGame RoomGazebo/ CabanaJogging/ Biking PathLandscaped GardensLaundry StationPerimeter FencePool DeckPool Shower AreaProvision for CCTV CamerasSky LoungeStandby Electric GeneratorStudy RoomView DeckWater StationProvision for WiFiBuilding FeaturesFire Alarm & Automatic Sprinkler SystemFire CabinetsFire ExitGarbage RoomsMailbox AreaParking SpacePassenger ElevatorsProvision for CCTVReception LobbyUnit FeaturesFire Alarm & Sprinkler SystemProvision for CATVProvision for Metered UtilityProvision for Phone LineWhy Invest at DMCI Homes?*1st Quadruple (AAAA) construction firm in thePhilippines.*Lifetime Ownership*Pets are allowed*Bigger unit cuts*Resort-type amenities*24-Hour security*Flexible Payment TermsReservation Requirements*Valid ID*TIN*Proof of Billing*Php 20,000 to reserve a unit*Php 10,000 to reserve a parking slot"
80,Lumiere Residences 3BR East Tower Antipolo View 30th Flr-2 Balconies-2 Solo Park,https://www.lamudi.com.ph/lumiere-residences-3br-east-tower-antipolo-view-30-166272422225.html,"₱ 10,200,000","FOR SALE – FRESH IN THE MARKET!

3 Bedroom Condominium unit with Two Solo Parking Slots (Not Tandem) at Lumiere Residences.

Lumiere Residences by DMCI Homes. located along Pasig Boulevard. It is composed of 3 High Rise Buildings

The area has good access to Ortigas Center, Capitol Commons, Eastwood City, BGC, and Makati CBD. 

Amenities include Swimming pools, Basketball court, Sky Lounge, Gym, and many more.

Floor: 30th Floor of East Tower
Orientation: Master’s Bedroom Facing Antipolo, Living and Dining Room Facing Ortigas
Description:
3 Bedroom End Unit
2 T&B (1 Common T&B and 1 En Suite Masters Bedroom)
2 Balconies (Antipolo and Ortigas Views)
2 SOLO Parking Slots both located at B4 (Not Tandem)

Unit size:
Livable Area: 70.00 sqm
Balcony 1 Area: 8.50 sqm 
Balcony 2 Area: 5.00 sqm 
Total Gross Area: 83.50 sqm
Two Parking Slots Area: 12.5 sqm each 

Selling Price: PHP 10,200,000.00 NOW REPRICED
Capital Gains Taxes are included in the price, all other transfer taxes and fees are for buyer's account.

*ALL ORIGINAL, WELL-KEPT DMCI HOMES FINISHES* 
*NO HISTORY OF KNOWN LUMIERE RESIDENCES ISSUES FOR SOME UNITS SUCH AS LEAKS, TOILET ISSUES, AND FOUL ODORS* 
*READY FOR OCCUPANCY*
*CLEAN TITLE*
*OPEN FOR BOTH CASH AND BANK FINANCING BUYERS*

This property might be for you if:

*You want a spacious condo ideal for a growing family 
*You want to enjoy spectacular views of Antipolo and Ortigas Skylines
*You want to be located very strategically between Ortigas CBD and BGC
*Wants a non-typical condominium set up with lots of open-air and space that DMCI Homes is known for
*You are a current 1BR or 2BR DMCI Homes Unit Owner (and equivalents) and want to upsize and upgrade"
81,For Sale 3BR condo unit with Tandem Parking at Lumiere Residences near Estancia,https://www.lamudi.com.ph/for-sale-3br-condo-unit-with-tandem-parking-at-lumiere-residences-near-estancia.html,"₱ 10,000,000","For sale: Lumiere Residences West TowerLow floor 3bedroom unit 83.5sqm total areaReady for occupancy10m asking priceWith tandem parking at Basement 2Lumiere ResidencesPasig Blvd., cor. Shaw Blvd., Pasig CityThe leading light in resort-style livingLumiere Residences is a modern-tropical high-rise development that will light up Pasig City's illustrious skyline. This three-tower development is an archetype of engineering excellence and features DMCI Homes' building design innovation, Lumiventt to provide you a delightful living experience.Master PlanLook at how our developments are expertly planned to suit up to your lifestyle.13,831 sqmLand AreaHigh Rise CondominiumsDevelopment TypeModern-tropicalArchitectural ThemeGeneral Facilities24-hour SecurityArrival CourtChildren's PlaygroundEntertainment RoomFitness GymFunction HallGame RoomGazebo/ CabanaJogging/ Biking PathLandscaped GardensLaundry StationPerimeter FencePool DeckPool Shower AreaProvision for CCTV CamerasSky LoungeStandby Electric GeneratorStudy RoomView DeckWater StationProvision for WiFiBuilding FeaturesFire Alarm & Automatic Sprinkler SystemFire CabinetsFire ExitGarbage RoomsMailbox AreaParking SpacePassenger ElevatorsProvision for CCTVReception LobbyUnit FeaturesFire Alarm & Sprinkler SystemProvision for CATVProvision for Metered UtilityProvision for Phone LineWhy Invest at DMCI Homes?*1st Quadruple (AAAA) construction firm in thePhilippines.*Lifetime Ownership*Pets are allowed*Bigger unit cuts*Resort-type amenities*24-Hour security*Flexible Payment TermsReservation Requirements*Valid ID*TIN*Proof of Billing*Php 20,000 to reserve a unit*Php 10,000 to reserve a parking slot"
82,2BR Condo unit for sale Lumiere Residence nr Berronis Pizza in Bagong Ilog Pasig,https://www.lamudi.com.ph/2br-condo-unit-for-sale-lumiere-residence-nr-berronis-pizza-in-bagong-ilog-pasig.html,"₱ 7,425,000","Lumiere Residences (Pasig City) Pasig Blvd., cor. Shaw Blvd., Pasig City, National Capital Region, 1600The leading light in resort-style livingLumiere Residences is a modern-tropical high-rise development that will light up Pasig City's illustrious skyline. This three-tower development is an archetype of engineering excellence and features DMCI Homes' building design innovation, Lumiventt to provide you a delightful living experience.FEATURES & AMENITIES24-hour SecurityGymSwimming PoolPets AllowedGame RoomRetail AreaDay CareFunction RoomsPlaygroundBasketball CourtGazeboViewing DeckSky GardenThis condominium is near:RestaurantsJade Palace - 0.24 kmAmber Golden Cup - 0.29 kmLa Cosa Nostra - 0.34 km8oz CoffeeKitchen - 0.35 kmBerronis Pizza Resto Bar - 0.53 km SchoolsRizal High School Annex - 0.46 kmPineda Elementary School - 0.46 kmSanta Rosa Catholic School - 0.52 kmOranbo Elementary School - 0.71 kmBagong Ilog Elementary School - 0.77 km HospitalsMary Immaculate Hospital - 0.48 kmBDM Diagnostic Center - 0.52 kmRizal Medical Center - 0.62 kmBagong Ilog Health Center - 0.93 kmPasig Base - 0.93 km SupermarketsEstancia - 0.85 kmMarks and Spencer - 0.88 kmEstancia - 0.89 kmPioneer Centre - 1.09 kmPuregold Jr. - 1.18 km"
83,2 Bedroom condo unit for sale at Lumiere Residences near Rizal High School Annex,https://www.lamudi.com.ph/2-bedroom-condo-unit-for-sale-at-lumiere-residences-near-rizal-high-school-annex.html,"₱ 7,500,000","Lumiere Residences (Pasig City) Pasig Blvd., cor. Shaw Blvd., Pasig City, National Capital Region, 1600The leading light in resort-style livingLumiere Residences is a modern-tropical high-rise development that will light up Pasig City's illustrious skyline. This three-tower development is an archetype of engineering excellence and features DMCI Homes' building design innovation, Lumiventt to provide you a delightful living experience.FEATURES & AMENITIES24-hour SecurityGymSwimming PoolPets AllowedGame RoomRetail AreaDay CareFunction RoomsPlaygroundBasketball CourtGazeboViewing DeckSky GardenThis condominium is near:RestaurantsJade Palace - 0.24 kmAmber Golden Cup - 0.29 kmLa Cosa Nostra - 0.34 km8oz CoffeeKitchen - 0.35 kmBerronis Pizza Resto Bar - 0.53 km SchoolsRizal High School Annex - 0.46 kmPineda Elementary School - 0.46 kmSanta Rosa Catholic School - 0.52 kmOranbo Elementary School - 0.71 kmBagong Ilog Elementary School - 0.77 km HospitalsMary Immaculate Hospital - 0.48 kmBDM Diagnostic Center - 0.52 kmRizal Medical Center - 0.62 kmBagong Ilog Health Center - 0.93 kmPasig Base - 0.93 km SupermarketsEstancia - 0.85 kmMarks and Spencer - 0.88 kmEstancia - 0.89 kmPioneer Centre - 1.09 kmPuregold Jr. - 1.18 km"
84,3 Bedroom Unit With 1 Parking Slot RFO Condo For Sale In Lumiere Residences,https://www.lamudi.com.ph/3-bedroom-unit-with-1-parking-slot-rfo-condo-for-s-166234564147.html,"₱ 12,000,000","3 BEDROOM UNIT WITH 1 PARKING SLOT READY FOR OCCUPANCY CONDO FOR SALE IN LUMIERE RESIDENCES, PASIG CITY

LUMIERE RESIDENCES
Address: Pasig Blvd., cor. Shaw Blvd., Pasig City
Developer: DMCI Homes

Details:
Status = Ready for occupancy
Unit type = 3br with 2 t&b
Unit area = 83.5 sqm
Parking = 1 parking slot (basement 3)
Parking area = 13 sqm
Floor = 29th floor

Amenities:
Children's Recreation Space / Daycare
Kiddie Pool
Lap Pool
Lounge Area
Main Entrance Gate
Sky Garden
Palm Promenade
24-hour Security
Arrival Court
Children's Playground
Entertainment Room
Fitness Gym
Function Hall
Game Room
Gazebo/ Cabana
Jogging/ Biking Path
Landscaped Gardens
Laundry Station
Perimeter Fence
Pool Deck
Pool Shower Area
Provision for CCTV Cameras
Sky Lounge
Standby Electric Generator
Study Room
View Deck
Water Station
Provision for WiFi

Send us now a message and request for viewing. Inquire now! 

*Do you have property to sell? Let me help you find a perfect buyer or renter for you. ENLIST YOUR PROPERTY!

*We know that finding the best deal is time consuming. Send us your query and let us handle on finding the property that suits your requirements. TALK TO US NOW!

""Healthy Moves, Wealthy Homes""

Melvin Salvidar"
85,2 bedroom condo unit for sale Lumiere Residences DMCI near Rizal Medical Center,https://www.lamudi.com.ph/2-bedroom-condo-unit-for-sale-lumiere-residences-dmci-near-rizal-medical-center.html,"₱ 7,425,000","Lumiere Residences (Pasig City)  Pasig Blvd., cor. Shaw Blvd., Pasig City, National Capital Region, 1600The leading light in resort-style livingLumiere Residences is a modern-tropical high-rise development that will light up Pasig City's illustrious skyline. This three-tower development is an archetype of engineering excellence and features DMCI Homes' building design innovation, Lumiventt to provide you a delightful living experience.FEATURES & AMENITIES24-hour SecurityGymSwimming PoolPets AllowedGame RoomRetail AreaDay CareFunction RoomsPlaygroundBasketball CourtGazeboViewing DeckSky GardenThis condominium is near: RestaurantsJade Palace - 0.24 kmAmber Golden Cup - 0.29 kmLa Cosa Nostra - 0.34 km8oz CoffeeKitchen - 0.35 kmBerronis Pizza Resto Bar - 0.53 km SchoolsRizal High School Annex - 0.46 kmPineda Elementary School - 0.46 kmSanta Rosa Catholic School - 0.52 kmOranbo Elementary School - 0.71 kmBagong Ilog Elementary School - 0.77 km HospitalsMary Immaculate Hospital - 0.48 kmBDM Diagnostic Center - 0.52 kmRizal Medical Center - 0.62 kmBagong Ilog Health Center - 0.93 kmPasig Base - 0.93 km SupermarketsEstancia - 0.85 kmMarks and Spencer - 0.88 kmEstancia - 0.89 kmPioneer Centre - 1.09 kmPuregold Jr. - 1.18 km"
86,2 Bedroom condo unit for sale Lumiere Residences near Mary Immaculate Hospital,https://www.lamudi.com.ph/2-bedroom-condo-unit-for-sale-lumiere-residences-near-mary-immaculate-hospital.html,"₱ 7,560,000","Lumiere Residences (Pasig City) Pasig Blvd., cor. Shaw Blvd., Pasig City, National Capital Region, 1600The leading light in resort-style livingLumiere Residences is a modern-tropical high-rise development that will light up Pasig City's illustrious skyline. This three-tower development is an archetype of engineering excellence and features DMCI Homes' building design innovation, Lumiventt to provide you a delightful living experience.FEATURES & AMENITIES24-hour SecurityGymSwimming PoolPets AllowedGame RoomRetail AreaDay CareFunction RoomsPlaygroundBasketball CourtGazeboViewing DeckSky GardenThis condominium is near:RestaurantsJade Palace - 0.24 kmAmber Golden Cup - 0.29 kmLa Cosa Nostra - 0.34 km8oz CoffeeKitchen - 0.35 kmBerronis Pizza Resto Bar - 0.53 km SchoolsRizal High School Annex - 0.46 kmPineda Elementary School - 0.46 kmSanta Rosa Catholic School - 0.52 kmOranbo Elementary School - 0.71 kmBagong Ilog Elementary School - 0.77 km HospitalsMary Immaculate Hospital - 0.48 kmBDM Diagnostic Center - 0.52 kmRizal Medical Center - 0.62 kmBagong Ilog Health Center - 0.93 kmPasig Base - 0.93 km SupermarketsEstancia - 0.85 kmMarks and Spencer - 0.88 kmEstancia - 0.89 kmPioneer Centre - 1.09 kmPuregold Jr. - 1.18 km"
87,2 Bedroom Condo unit for sale at Lumiere Residences near Marks and Spencer,https://www.lamudi.com.ph/2-bedroom-condo-unit-for-sale-at-lumiere-residences-near-marks-and-spencer.html,"₱ 7,834,000","Lumiere Residences (Pasig City) Pasig Blvd., cor. Shaw Blvd., Pasig City, National Capital Region, 1600The leading light in resort-style livingLumiere Residences is a modern-tropical high-rise development that will light up Pasig City's illustrious skyline. This three-tower development is an archetype of engineering excellence and features DMCI Homes' building design innovation, Lumiventt to provide you a delightful living experience.FEATURES & AMENITIES24-hour SecurityGymSwimming PoolPets AllowedGame RoomRetail AreaDay CareFunction RoomsPlaygroundBasketball CourtGazeboViewing DeckSky GardenThis condominium is near:RestaurantsJade Palace - 0.24 kmAmber Golden Cup - 0.29 kmLa Cosa Nostra - 0.34 km8oz CoffeeKitchen - 0.35 kmBerronis Pizza Resto Bar - 0.53 km SchoolsRizal High School Annex - 0.46 kmPineda Elementary School - 0.46 kmSanta Rosa Catholic School - 0.52 kmOranbo Elementary School - 0.71 kmBagong Ilog Elementary School - 0.77 km HospitalsMary Immaculate Hospital - 0.48 kmBDM Diagnostic Center - 0.52 kmRizal Medical Center - 0.62 kmBagong Ilog Health Center - 0.93 kmPasig Base - 0.93 km SupermarketsEstancia - 0.85 kmMarks and Spencer - 0.88 kmEstancia - 0.89 kmPioneer Centre - 1.09 kmPuregold Jr. - 1.18 km"
88,For Sale!! 2BR Unit w/ Parking at Lumiere Residences by DMCI Homes in Pasig,https://www.lamudi.com.ph/for-sale-2br-unit-w-parking-at-lumiere-residences-166125506759.html,"₱ 6,550,000","For Sale!! 2BR Unit w/ Parking at Lumiere Residences by DMCI Homes in Pasig

Size (sqm): 56
Condition: Unfurnished
Unit No.: 911
Facing: Amenities
Building: North
Turnover: RFO
Parking Slot: 1
Price: Php6,550,000 (exc. Capital Gains Tax). Buyer to shoulder CGT

Payment Term:
- Min. cash payment to Seller: 20%
- Balance via Bank Financing

**For direct buyers only**

Listing Code: IDS-0215

For inquiries, send us a message via:

Client Support, ECM Realty"
89,Condo in Pasig Lumiere By DMCI near Ortigas BGC and Makati 2 Bedroom RFO,https://www.lamudi.com.ph/condo-in-pasig-lumiere-by-dmci-near-ortigas-bgc-and-makati-2-bedroom-rfo.html,"₱ 7,425,000",Lumiere ResidencesLocation: Pasig blvd corner Shaw blvd Pasig CityTurnover: Ready for OccupancyAvailable: 2brFOR SALE: 2BR CondominiumWHY CHOOSE DMCI HOMES?- Lifetime ownership/ Perpetual Ownership- Pets are allowed- Payment terms are very flexible- Resort Type Living Condominiums in the City- Amazing amenities for active lifestyle- Spacious units/ Bigger Unit cuts- Very well ventilated hallways- Association Dues is way lower than others- NO Studio Units- AirBNB in DMCI at its best- Long Term Rentals guaranteed- You can lease your unit once Turn-overed- Price Increase in your investment GUARANTEED!- Prime locations and very accessibleGood day. Thank you for inquiring about DMCI
90,"2 Bedroom for sale in Lumiere Residences near Capitol Commons, Ortigas & BGC",https://www.lamudi.com.ph/2-bedroom-for-sale-in-lumiere-residences-near-capitol-commons-ortigas-bgc.html,"₱ 7,425,000","The leading light in resort-style living.Lumiere Residences is a modern-tropical high-rise development that will light up Pasig City's illustrious skyline. This three-tower development is an archetype of engineering excellence and features DMCI Homes' building design innovation, Lumiventt to provide you a delightful living experience.AVAILABLE RFO UNIT - West Tower 2522Bare UnitFront Unit Facing North*Check quotation attached for reference*Documentation & Bank Loan AssistanceRobert Christian MorenoDMCI Homes Property ConsultantHLURB & PRC RegisteredResident Owner/Investor"
91,For Sale!! 3BR Unit (Corner) w/ Parking at Lumiere Residences by DMCI Homes,https://www.lamudi.com.ph/for-sale-3br-unit-corner-w-2-parking-slots-at-lumi-166125343669.html,"₱ 9,500,000","For Sale!! 3BR Unit (Corner) w/ Parking at Lumiere Residences by DMCI Homes in Pasig

Size (sqm): 83.5
Condition: Unfurnished
Unit No.: 3001
Facing: Antipolo/Ortigas
Building: East
Turnover: RFO
Parking Slot: 1
Price: Php9,500,000

Payment Term:
- Min. cash payment to Seller: 20%
- Balance via Bank Financing

**For direct buyers only**

Listing Code: ID-0150

For inquiries, send us a message via:

Client Support, ECM Realty"
92,"For Sale 2 Bedroom Condo Unit at Lumiere Residences, Pasig City",https://www.lamudi.com.ph/for-sale-2-bedroom-condo-unit-at-lumiere-residence-166261982332.html,"₱ 6,500,000","Lumiere Residences by DMCI Homes located along Pasig Boulevard. The area has good access to Ortigas Center, Capitol Commons, Eastwood City, BGC, and Makati CBD.

3 High-rise buildings, amenities such as swimming pools, Basketball court, sky lounge, Gym, and many more.

Floor: 11th floor of West Tower
Orientation: Facing Amenities. Has view of Ortigas and Pasig
Description: 2 bedrooms, end unit 1T&B, and 2 balconies. Improved and fully furnished.

Unit size
Livable Area: 52.00 sqm
Balcony Area: 8.50 sqm
Balcony Area(2): 4.50 sqm
Total Gross Area: 65.00 sqm

Selling Price: Php 6,500,000
Capital Gains Taxes are included in the price, all other transfer taxes and fees are for buyer's account."
93,"2bedroom condo unit for sale near Rizal High School Annex, Lumiere Residences",https://www.lamudi.com.ph/2bedroom-condo-unit-for-sale-near-rizal-high-school-annex-lumiere-residences.html,"₱ 7,512,000","Lumiere ResidencesPasig Boulevard cor. Shaw Boulevard, Pasig City, Metro ManilaLumiere Residences features a contemporary tropical-inspired architecture as well as Lumiventt, a design technology that allows cross-ventilation for the improvement of aesthetics so unit owners can experience a genuine resort lifestyle.Live high and largeThe whole concept of living in the city is finding a residence that can and will cater to all its residents’ needs. Lumiere Residences just does that. Boasting of comfortable and spacious living spaces, extended patios, and garden atriums every five floors, this luxurious retreat is definitely exceptional in every aspect.Making its mark as a lifestyle community, this prestigious playground is host to state-of-the-art amenities that definitely seals the deal. Featured indoor facilities include a daycare center, an entertainment room, a game area, a gym, a study room, a sky lounge, a function hall, and an open lounge.And, just an elevator ride away are outdoor amenities such as swimming pools with shower area, a kiddie playground, a basketball court, a palm promenade, a sky park, a gazebo, and landscaped gardens.FEATURES & AMENITIES24-hour SecurityGymSwimming PoolPets AllowedGame RoomRetail AreaDay CareFunction RoomsPlaygroundBasketball CourtGazeboViewing DeckSky GardenThis condominium is near:RestaurantsJade Palace - 0.24 kmAmber Golden Cup - 0.29 kmLa Cosa Nostra - 0.34 km8oz CoffeeKitchen - 0.35 kmBerronis Pizza Resto Bar - 0.53 kmSchoolsRizal High School Annex - 0.46 kmPineda Elementary School - 0.46 kmSanta Rosa Catholic School - 0.52 kmOranbo Elementary School - 0.71 kmBagong Ilog Elementary School - 0.77 kmHospitalsMary Immaculate Hospital - 0.48 kmBDM Diagnostic Center - 0.52 kmRizal Medical Center - 0.62 kmBagong Ilog Health Center - 0.93 kmPasig Base - 0.93 kmSupermarketsEstancia - 0.85 kmMarks and Spencer - 0.88 kmEstancia - 0.89 kmPioneer Centre - 1.09 kmPuregold Jr. - 1.18 kmWhy Invest at DMCI Homes?*1st Quadruple (AAAA) construction firm in thePhilippines.*Lifetime Ownership*Pets are allowed*Bigger unit cuts*Resort-type amenities*24-Hour security*Flexible Payment TermsReservation Requirements*Valid ID*TIN*Proof of Billing*Php 20,000 to reserve a unit*Php 10,000 to reserve a parking slot"
94,"2bedroom condo unit for sale near Mary Immaculate Hospital, Lumiere Residences",https://www.lamudi.com.ph/2bedroom-condo-unit-for-sale-near-mary-immaculate-hospital-lumiere-residences.html,"₱ 7,425,000","Lumiere ResidencesPasig Boulevard cor. Shaw Boulevard, Pasig City, Metro ManilaLumiere Residences features a contemporary tropical-inspired architecture as well as Lumiventt, a design technology that allows cross-ventilation for the improvement of aesthetics so unit owners can experience a genuine resort lifestyle.Live high and largeThe whole concept of living in the city is finding a residence that can and will cater to all its residents’ needs. Lumiere Residences just does that. Boasting of comfortable and spacious living spaces, extended patios, and garden atriums every five floors, this luxurious retreat is definitely exceptional in every aspect.Making its mark as a lifestyle community, this prestigious playground is host to state-of-the-art amenities that definitely seals the deal. Featured indoor facilities include a daycare center, an entertainment room, a game area, a gym, a study room, a sky lounge, a function hall, and an open lounge.And, just an elevator ride away are outdoor amenities such as swimming pools with shower area, a kiddie playground, a basketball court, a palm promenade, a sky park, a gazebo, and landscaped gardens.FEATURES & AMENITIES24-hour SecurityGymSwimming PoolPets AllowedGame RoomRetail AreaDay CareFunction RoomsPlaygroundBasketball CourtGazeboViewing DeckSky GardenThis condominium is near:RestaurantsJade Palace - 0.24 kmAmber Golden Cup - 0.29 kmLa Cosa Nostra - 0.34 km8oz CoffeeKitchen - 0.35 kmBerronis Pizza Resto Bar - 0.53 kmSchoolsRizal High School Annex - 0.46 kmPineda Elementary School - 0.46 kmSanta Rosa Catholic School - 0.52 kmOranbo Elementary School - 0.71 kmBagong Ilog Elementary School - 0.77 kmHospitalsMary Immaculate Hospital - 0.48 kmBDM Diagnostic Center - 0.52 kmRizal Medical Center - 0.62 kmBagong Ilog Health Center - 0.93 kmPasig Base - 0.93 kmSupermarketsEstancia - 0.85 kmMarks and Spencer - 0.88 kmEstancia - 0.89 kmPioneer Centre - 1.09 kmPuregold Jr. - 1.18 kmWhy Invest at DMCI Homes?*1st Quadruple (AAAA) construction firm in the Philippines.*Lifetime Ownership*Pets are allowed*Bigger unit cuts*Resort-type amenities*24-Hour security*Flexible Payment TermsReservation Requirements*Valid ID*TIN*Proof of Billing*Php 20,000 to reserve a unit*Php 10,000 to reserve a parking slot"
95,"2bedroom condo unit for sale near Santa Rosa Catholic School, Lumiere Residences",https://www.lamudi.com.ph/2bedroom-condo-unit-for-sale-near-santa-rosa-catholic-school-lumiere-residences.html,"₱ 7,834,000","Lumiere ResidencesPasig Boulevard cor. Shaw Boulevard, Pasig City, Metro ManilaLumiere Residences features a contemporary tropical-inspired architecture as well as Lumiventt, a design technology that allows cross-ventilation for the improvement of aesthetics so unit owners can experience a genuine resort lifestyle.Live high and largeThe whole concept of living in the city is finding a residence that can and will cater to all its residents’ needs. Lumiere Residences just does that. Boasting of comfortable and spacious living spaces, extended patios, and garden atriums every five floors, this luxurious retreat is definitely exceptional in every aspect.Making its mark as a lifestyle community, this prestigious playground is host to state-of-the-art amenities that definitely seals the deal. Featured indoor facilities include a daycare center, an entertainment room, a game area, a gym, a study room, a sky lounge, a function hall, and an open lounge.And, just an elevator ride away are outdoor amenities such as swimming pools with shower area, a kiddie playground, a basketball court, a palm promenade, a sky park, a gazebo, and landscaped gardens.FEATURES & AMENITIES24-hour SecurityGymSwimming PoolPets AllowedGame RoomRetail AreaDay CareFunction RoomsPlaygroundBasketball CourtGazeboViewing DeckSky GardenThis condominium is near:RestaurantsJade Palace - 0.24 kmAmber Golden Cup - 0.29 kmLa Cosa Nostra - 0.34 km8oz CoffeeKitchen - 0.35 kmBerronis Pizza Resto Bar - 0.53 kmSchoolsRizal High School Annex - 0.46 kmPineda Elementary School - 0.46 kmSanta Rosa Catholic School - 0.52 kmOranbo Elementary School - 0.71 kmBagong Ilog Elementary School - 0.77 kmHospitalsMary Immaculate Hospital - 0.48 kmBDM Diagnostic Center - 0.52 kmRizal Medical Center - 0.62 kmBagong Ilog Health Center - 0.93 kmPasig Base - 0.93 kmSupermarketsEstancia - 0.85 kmMarks and Spencer - 0.88 kmEstancia - 0.89 kmPioneer Centre - 1.09 kmPuregold Jr. - 1.18 kmWhy Invest at DMCI Homes?*1st Quadruple (AAAA) construction firm in thePhilippines.*Lifetime Ownership*Pets are allowed*Bigger unit cuts*Resort-type amenities*24-Hour security*Flexible Payment TermsReservation Requirements*Valid ID*TIN*Proof of Billing*Php 20,000 to reserve a unit*Php 10,000 to reserve a parking slot"
96,2br condo unit for sale near Ortigas BGC Taguig Global City Lumiere Residences,https://www.lamudi.com.ph/2br-condo-unit-for-sale-near-ortigas-bgc-taguig-global-city-lumiere-residences.html,"₱ 6,994,000","Lumiere ResidencesPasig Blvd., cor. Shaw Blvd., Pasig CityThe leading light in resort-style livingLumiere Residences is a modern-tropical high-rise development that will light up Pasig City's illustrious skyline. This three-tower development is an archetype of engineering excellence and features DMCI Homes' building design innovation, Lumiventt to provide you a delightful living experience.Master PlanLook at how our developments are expertly planned to suit up to your lifestyle.13,831 sqmLand AreaHigh Rise CondominiumsDevelopment TypeModern-tropicalArchitectural ThemeGeneral Facilities24-hour SecurityArrival CourtChildren's PlaygroundEntertainment RoomFitness GymFunction HallGame RoomGazebo/ CabanaJogging/ Biking PathLandscaped GardensLaundry StationPerimeter FencePool DeckPool Shower AreaProvision for CCTV CamerasSky LoungeStandby Electric GeneratorStudy RoomView DeckWater StationProvision for WiFiBuilding FeaturesFire Alarm & Automatic Sprinkler SystemFire CabinetsFire ExitGarbage RoomsMailbox AreaParking SpacePassenger ElevatorsProvision for CCTVReception LobbyUnit FeaturesFire Alarm & Sprinkler SystemProvision for CATVProvision for Metered UtilityProvision for Phone LineWhy Invest at DMCI Homes?*1st Quadruple (AAAA) construction firm in thePhilippines.*Lifetime Ownership*Pets are allowed*Bigger unit cuts*Resort-type amenities*24-Hour security*Flexible Payment TermsReservation Requirements*Valid ID*TIN*Proof of Billing*Php 20,000 to reserve a unit*Php 10,000 to reserve a parking slot"
97,For Sale 2br Condo Lumiere Residences along Shaw near Ortigas Mandaluyong BGC,https://www.lamudi.com.ph/for-sale-2br-condo-lumiere-residences-along-shaw-near-ortigas-mandaluyong-bgc.html,"₱ 6,000,000","For Sale:2 bedroomLMR 1719West Tower56 sqm6MLumiere ResidencesPasig Blvd., cor. Shaw Blvd., Pasig CityThe leading light in resort-style livingLumiere Residences is a modern-tropical high-rise development that will light up Pasig City's illustrious skyline. This three-tower development is an archetype of engineering excellence and features DMCI Homes' building design innovation, Lumiventt to provide you a delightful living experience.Master PlanLook at how our developments are expertly planned to suit up to your lifestyle.13,831 sqmLand AreaHigh Rise CondominiumsDevelopment TypeModern-tropicalArchitectural ThemeGeneral Facilities24-hour SecurityArrival CourtChildren's PlaygroundEntertainment RoomFitness GymFunction HallGame RoomGazebo/ CabanaJogging/ Biking PathLandscaped GardensLaundry StationPerimeter FencePool DeckPool Shower AreaProvision for CCTV CamerasSky LoungeStandby Electric GeneratorStudy RoomView DeckWater StationProvision for WiFiBuilding FeaturesFire Alarm & Automatic Sprinkler SystemFire CabinetsFire ExitGarbage RoomsMailbox AreaParking SpacePassenger ElevatorsProvision for CCTVReception LobbyUnit FeaturesFire Alarm & Sprinkler SystemProvision for CATVProvision for Metered UtilityProvision for Phone LineWhy Invest at DMCI Homes?*1st Quadruple (AAAA) construction firm in thePhilippines.*Lifetime Ownership*Pets are allowed*Bigger unit cuts*Resort-type amenities*24-Hour security*Flexible Payment TermsReservation Requirements*Valid ID*TIN*Proof of Billing*Php 20,000 to reserve a unit*Php 10,000 to reserve a parking slot"
98,2BR Condo for sale near Ortigas Kapitolyo Pioneer Greenfield Lumiere Residences,https://www.lamudi.com.ph/2br-condo-for-sale-near-ortigas-kapitolyo-pioneer-greenfield-lumiere-residences.html,"₱ 7,049,000","Lumiere ResidencesPasig Blvd., cor. Shaw Blvd., Pasig CityThe leading light in resort-style livingLumiere Residences is a modern-tropical high-rise development that will light up Pasig City's illustrious skyline. This three-tower development is an archetype of engineering excellence and features DMCI Homes' building design innovation, Lumiventt to provide you a delightful living experience.Master PlanLook at how our developments are expertly planned to suit up to your lifestyle.13,831 sqmLand AreaHigh Rise CondominiumsDevelopment TypeModern-tropicalArchitectural ThemeGeneral Facilities24-hour SecurityArrival CourtChildren's PlaygroundEntertainment RoomFitness GymFunction HallGame RoomGazebo/ CabanaJogging/ Biking PathLandscaped GardensLaundry StationPerimeter FencePool DeckPool Shower AreaProvision for CCTV CamerasSky LoungeStandby Electric GeneratorStudy RoomView DeckWater StationProvision for WiFiBuilding FeaturesFire Alarm & Automatic Sprinkler SystemFire CabinetsFire ExitGarbage RoomsMailbox AreaParking SpacePassenger ElevatorsProvision for CCTVReception LobbyUnit FeaturesFire Alarm & Sprinkler SystemProvision for CATVProvision for Metered UtilityProvision for Phone LineWhy Invest at DMCI Homes?*1st Quadruple (AAAA) construction firm in thePhilippines.*Lifetime Ownership*Pets are allowed*Bigger unit cuts*Resort-type amenities*24-Hour security*Flexible Payment TermsReservation Requirements*Valid ID*TIN*Proof of Billing*Php 20,000 to reserve a unit*Php 10,000 to reserve a parking slot"
99,Lumiere Residences Modified 83.5 sq.m. End Unit with 2 Parking Slots (adjacent),https://www.lamudi.com.ph/lumiere-residences-modified-83-5-sq-m-end-unit-wit-166349486091.html,"₱ 12,036,000","**Posted by UNIT OWNER** 

Lumiere Residences Modified End Unit with 2 Adjacent Parking Slots (not tandem)  
NOTE: Unit is under loan with a local bank.   

Unit Location: 31/F West (with unobstructed view of BGC, Laguna Lake) 
Floor area: 83.5 sq. m. 

Bedrooms: 2 (1 large Master’s BR with walk-in closet + 1 other room) 
Bathrooms: 2 (furnished with glass shower enclosures and water heater)  

Parking location: B5 (convenient access to other parking exit at B6) 
Details: 2 side-by-side (not tandem) parking slots. (We use 1 slot for our car and have the other slot leased by other unit residents.)  

Purchase / Contract Price: P11,800,000 (Seller will pay for Capital Gains Tax) 
Total Cash Out of Buyer: P12,036,000+ (Buyer will pay for Doc Stamp Tax, Transfer Tax, Title Registration Fee, Notarial Fees)  

Payment Terms: 
a) Spot Cash - We can reduce the price further for spot payments. 
b) Installment - Buyer must be willing to give a down payment equivalent to P5.4M (current bank balance for this property). Once the title gets released by the bank, the buyer can then settle the remaining P6.4M either via upfront payment or through a bank loan."
100,Two (2) Bedroom Unit Korean Cut Furnished in Lumiere Residences Pasig Blvd.,https://www.lamudi.com.ph/sale-2-bedroom-unit-korean-cut-furnished-in-lumiere-residences-pasig-boulevard.html,"₱ 6,000,000","Lumiere Residences-West Tower Pasig Blvd.  
32nd Floor
56 sq.m
2 Bedroom 
Korean Cut
1 toilet and bath 
Korean-style layout
Facing the Taguig  / Makati skyline (one of the unit's best features as it is not facing other buildings)
No parking slot

️ Development Features:
24-hour Security
Arrival Court
Children's Playground
Children's Recreation Space/Daycare
Entertainment Room
Fitness Gym
Function Hall
Game Room
Gazebo/ Cabana
Jogging/ Biking Path
Kiddie Pool
Landscaped Gardens
Lap Pool
Laundry Station
Lounge Area
Main Entrance Gate
Perimeter Fence
Pool Deck
Pool Shower Area
Provision for CCTV Cameras
Sky Garden
Sky Lounge
Standby Electric Generator
Study Room
Palm Promenade
View Deck
Water Station
Provision for WiFi

Must see to appreciate the unit!"
101,"2 Bedroom RFO Condo Unit in Lumiere Residences Bagong Ilog, Pasig City for Sale",https://www.lamudi.com.ph/2-bedroom-rfo-condo-unit-in-lumiere-residences-bagong-ilog-pasig-city-for-sale.html,"₱ 6,800,000","Property Details:

Location: West Tower Lumiere Residences, 
Pasig Blvd cor Shaw Blvd, Bagong Ilog, Pasig City 
Floor Area: 56sqm (Unit Area: 48sqm; Balcony: 8sqm) 
Number of bedrooms: 2BR  
Number of toilet and bath: 1 
Net Selling Price: Php 6.8M (exclusive of Capital Gains Tax)
Mode of Payment: Preferably cash

Building Features:


  Landscaped Atriums
  Fire alarm and Automatic Sprinkler System
  Sky Patio
  Reception Lobby
  Garbage rooms
  Mailbox Area
  Provision for CCTV


Amenities:


  Children's Recreation Space/Daycare
  Kiddie pool
  Lap pool
  Lounge Area
  Main Entrance Gate
  Sky Garden
  Palm Promenade


General Facilities:


  24-hr security
  Function hall
  Laundry station
  Provision for wifi
  Arrival court
  Game room
  Perimeter fence
  Standby Electric Generator
  Children's Playground
  Gazebo/Cabana
  Pool deck
  Study room
  Entertainment room
  Jogging path
  Pool shower area
  View deck
  Fitness gym


For more information/ site visit please do not hesitate to contact me.
Thank you very much."
102,2 Bedroom Condominium For Sale at Lumiere Residences by DMCI in Pasig City,https://www.lamudi.com.ph/2-bedroom-condominium-for-sale-at-lumiere-residenc-165874914490.html,"₱ 8,000,000","2 bedroom condominium for sale at Lumiere Residences by DMCI in Pasig City

2 bedrooms
1 toilet and bath
floor area - 65sqm
high floor level unit
bare
parking slot included

Outdoor Amenities

  Open Lounge
  Children’s Recreation Space / Daycare
  Function Hall
  Study Room
  Sky Lounge
  Game Area
  Entertainment Room
  Fitness Gym
  Landscaped Atriums
  Lumiventt Technology



  Pool Deck
  Gazebo / Cabana
  Children’s Playground
  Basketball Court / Playcourt
  View Deck/li>
  Palm Promenade
  Sky Park / Roof Deck
  Shower Area
  Kiddie Pool
  Lap Pool



  Lumiventt Technology
  Extended Sky Patios
  Full Back-Up Power
  Six (6) Elevators per building
  Mail Room
  Laundry Station
  Water Refill Station
  Garden Atriums
  Extended Sky Patios



  Main Entrance Gate
  Perimeter Fence
  Water Station
  CCTV Cameras
  24-hour Security



  Forum Robinsons – 2.56 Km
  Market! Market! – 3.02 Km
  SM Supercenter Pasig – 3.67 Km
  Tiendesitas – 4.09 Km
  Shangri-la mall – 1.91 Km
  SM Megamall – 2.23 Km
  Eastwood – 5.7 Km
  Metrowalk – 2.3 Km
  MC Home Depot – 2.5 Km
  Madison Square – 2.0 Km
  Pioneer Center – 1.41 Km
  Puregold Pioneer – 1.2 Km
  Ynares Stadium – 0.65 Km
  Philippine Sports Arena (Ultra) – 1.0 Km
  Frontera Verde – 3.4 Km
  Silver City – 3.5 Km
  Capitol Commons – 0.75 Km



  Ortigas Center – 2.0 Km
  Bonifacio Global City – 3.5 Km
  Makati CBD – 7.0 Km
  Libis 5.7 – Km



  St. Paul College – 1.58 Km
  University of Asia & the Pacific – 1.67 Km
  Lourdes School – 1.8 Km
  Pamantasan ng Lungsod ng Pasig – 2.16 Km
  Pasig Catholic College – 2.46 Km
  Domuschola International School – 1.33 Km



  Rizal Medical Center – 0.59 Km
  Pasig City General Hospital – 5.05 Km
  The Medical City – 2.87 Km
  St. Therese Hospital – 4.28 Km"
103,2 Bedroom Condo in Pasig facing Amenities 4-8% Discounts Lumiere Residences Dmci,https://www.lamudi.com.ph/2-bedroom-condo-in-pasig-facing-amenities-4-8-discounts-lumiere-residences-dmci.html,"₱ 7,560,000","Promo! Promo! Promo! 4-8% Discounts on Spot Downpayments!
Few Units Available!
Overlooking Captivating Views of Antipolo from the Roof Deck and Reception Lobby

Promo Payterm:
30% SPOT Downpayment (with 4% Discount)
or Pay in 2 months
80% Bank financing/In-house
Discounts:
4% (30% Spot Downpayment)
  5% (40% Spot Downpayment)
  6% (50% - 90% Spot downpayment)
  6% (100% Deferred Cash in 6 months)
  8% (100% Deferred Cash in 3 Months)

2 Bedroom Dmci Homes Condo in Pasig Available
Must Be Purchased with Tandem Parking Unit
with Lumiventt Design Technology
Dmci Homes'
Lumiere Residences
Address:
Pasig Blvd., cor. Shaw Blvd., Pasig City

The leading light in resort-style living

Master plan:
13,831 sqm. Land Area
  High Rise Condominiums: Development Type
  Modern-tropical: Architectural Theme
General Facilities:
24-hour Security
  Arrival Court
  Children's Playground
  Entertainment Room
  Fitness Gym
  Function Hall
  Game Room
  Gazebo/ Cabana
  Jogging/ Biking Path
  Landscaped Gardens
  Laundry Station
  Perimeter Fence
  Pool Deck
  Pool Shower Area
  Provision for CCTV Cameras
  Sky Lounge
  Standby Electric Generator
  Study Room
  View Deck
  Water Station
  Provision for WiFi
3 Buildings:
East Tower
36 Levels
1 Level mezzanine Floor
6 level Basement Parking
West Tower
37 Levels
1 Level mezzanine Floor
6 level Basement Parking
North
42 levels
1 Level mezzanine Floor
6 level Basement Parking
Building Features:
Fire Alarm & Automatic Sprinkler System
  Fire Cabinets
  Fire Exit
  Garbage Rooms
  Mailbox Area
  Parking Space
  Passenger Elevators
  Provision for CCTV
  Reception Lobby
Unit Features:
Fire Alarm & Sprinkler System
  Provision for CATV
  Provision for Metered Utility
  Provision for Phone Line
Turn-Over Dates:
East Tower- 2018
West Tower - 2019
North Tower - November 2020

Nearby:
C5
  Edsa Shangri-laPlaza
  Edsa Shangri-la Hotel
  Forum Robinsons
  Market! Market!
  SM Supercenter Pasig
  Tiendesitas
  SM Megamall
  Eastwood
  Metrowalk
  Ynares Stadium
  Philippine Sports Arena
  Capitol Commons
  Cambridge Village Pasig
Schools:
St Paul College
  University of Asia & the Pacific
  Lourdes School
  Pamantasan ng Lungsod ng Pasig
  Pasig Catholic College
Hospitals:
Rizal Medical Center
  Pasig City General Hospital
  The Medical City
  St Therese Hospital

For more details, please click the ""Orange Button""  to Contact Seller.

Thank You! God Bless! StaySafe!"
104,"Condo For Sale Lumiere Residences, Pasig East tower  2 BR w/ balcony, 56sqm",https://www.lamudi.com.ph/condo-for-sale-lumiere-residences-pasig-east-tower-2-br-w-balcony-56sqm.html,"₱ 6,800,000","2 bedrooms w/ balcony, 56sqm   Facing antipolo  1 Parking - B3 6.8M    Thank you  #馬尼拉第一房屋 #FirstProperty   Condominium property for sale in Bagong Ilog, Pasig, Metro Manila"
105,2 bedroom for Sale in Kapitolyo Pasig by DMCI Homes beside Brixton near Lumiere,https://www.lamudi.com.ph/2-bedroom-for-sale-in-kapitolyo-pasig-by-dmci-homes-beside-brixton-near-lumiere-640791-37.html,"₱ 5,967,000","2 bedroom 53.50sqm.
Unit 5122
5.9M
Pre-selling
Fairlane St., Kapitolyo, Pasig City

20,000 -Reservation Fee

for viewing and more details:
Tin Fajardo 

Project Details:

Elevate your way of living and experience rare exclusivity with DMCI Homes' newest residential landmark in Kapitolyo, Pasig City. Standing proud along West Capitol Drive, Fairlane Residences features modern tropical design and thoughtfully designed spacious units that suit your lifestyle needs.

Lot Area: 6,105

No. of Building/s: 1

No. of Residential Floors:  50

No. of Units: 1140

No. of Basement Levels:  6

No. of Parking Slots:  799

PS Ratio: 70%"
106,For Sale - 3 Bedroom in Lumiere Residences Pasig with 1 Parking,https://www.lamudi.com.ph/for-sale-3-bedroom-in-lumiere-residences-pasig-with-1-parking.html,"₱ 11,000,000","Best deal!  Floor area: 83.5 sqm 3 Bedroom 2 bathrooms 1 parking Price: 11,000,000  Garden floor end unit and parking is in basement 1 close to elevator.  Condominium property for sale in Bagong Ilog, Pasig, Metro Manila"
107,"For Sale:4BR Tandem Unit Lumiere North Tower Pasig, 88sqm for only P17m!",https://www.lamudi.com.ph/for-sale-4br-tandem-unit-lumiere-north-tower-pasig-88sqm-for-only-p17m.html,"₱ 17,000,000","-Floor area 88sqm
-Big lanai 88sqm
-Two toilet and bath
-Can easily access amenities
-Unfurnished unit
-Tandem parking
-Great Investment!"
108,"Condominium RFO 2BR unit at lumiere residences for sale in Bagong Ilog, Pasig",https://www.lamudi.com.ph/condominium-rfo-2br-unit-at-lumiere-residences-for-sale-in-bagong-ilog-pasig.html,"₱ 7,607,000","C- EAST TOWER 2405 Project: LMR Building Unit: C- East Tower 2405 Description: 2 Bedroom C (Inner) Location: Rear Unit facing East List Price: Php 7,607,000.00 Gross Area: 53.00 sqm RFO Date: 10/31/2017 12:00:00 AM Unit is For Turn Over 60 Days After Clearance  Call/Message ARNEL LEE   Condominium property for sale in Bagong Ilog, Pasig, Metro Manila"
109,For Sale 2Bedroom Deluxe unit at Lumiere Residences in Pasig Blvd Pasig City,https://www.lamudi.com.ph/for-sale-2bedroom-deluxe-unit-at-lumiere-residences-in-pasig-blvd-pasig-city.html,"₱ 9,033,000","C- NORTH TOWER 201 Project:LMR Building Unit: C- North Tower 201 Description: 2 Bedroom Deluxe (End) Location: Rear Unit facing Northwest List Price: Php 9,033,000.00 Gross Area: 65.00 sqm RFO Date: 11/30/2020 12:00:00 AM Unit is For Turn Over 60 Days After Clearance  Call/Message ARNEL LEE  Condominium property for sale in Bagong Ilog, Pasig, Metro Manila"
110,Lumiere North Tower (DMCI Homes) 2 bedroom Atrium Unit For Sale in Pasig,https://www.lamudi.com.ph/lumiere-north-tower-dmci-homes-2-bedroom-atrium-unit-for-sale-in-pasig.html,"₱ 6,700,000","REPRICED- BEST BUY!!!
Brand New Condominium property for sale in Kapitolyo, Pasig, Metro Manila
>2br Atrium unit with Balcony- 56sqm at the 28F
>with Basement 1 parking
>Newly Turned over
>Best buy @ P6,700,000 with the parking slot
>Cash or Bank loan payment term
>Current Developer's price is P9,146,000"
111,Lumiere Residences 2 Bedroom w/ Balcony For Sale in Pasig City,https://www.lamudi.com.ph/lumiere-residences-2-bedroom-w-balcony-for-sale-by-166298877674.html,"₱ 7,000,000","For Sale
Type: 2 Bedroom w/ Balcony Fully Furnished Condo Unit
Location: Escarpment Road Bgy. Bagong Ilog, Pasig city
Selling Price: Php7M (inclusive of CGT)
Inclusive of: Furniture and Appliances
Floor Area: 53.50 sq. m
Parking Slots: Non
Condition: Turned-over Fully Furnished Status
Other:
-1 Balcony
-Prime Location
-West Tower
-Facing Amenities
-Fully Furnished

 Kevin Villamor
Property Specialist"
112,3 BR for End Available at Lumiere Residences Shaw Blvd Pasig RFO For Sale,https://www.lamudi.com.ph/3-br-for-end-available-at-lumiere-residences-shaw-blvd-pasig-rfo-for-sale.html,"₱ 10,792,000","This unit is available for today's inventory from DMCI HOMES, so for interested please contact me at and I'll be glad to assist you then.

Thank, 
Lutchie Mercado
In-House Property Consultant 
PRC License 10243
HLURB Registered 009850"
113,3 Bedroom Tandem unit with 2 parking for sale Pasig City DMCI Homes,https://www.lamudi.com.ph/3-bedroom-tandem-unit-with-2-parking-for-sale-pasig-city-dmci-homes-2.html,"₱ 12,500,000","Lumiere Residences by DMCI Homes located along Pasig Boulevard. The area has a good and easy access to Ortigas Center, the developing Pioneer area, Capitol Commons, Eastwood City, Bonifacio Global City and Makati CBD.

3 tower high rise with resort themed amenities, very safe and secured residential compound. 3 swimming pools, basketball court, open lounges, gym, function rooms, roof deck skylounge.

Ready for Occupancy. Brand New

20th Floor of East Tower, 112 sqm, 3 bedroom tandem unit, 2 T&B, maids room, balcony and parking.
Facing East- morning sun, Antipolo and Laguna Bay

Selling Price; Php 12,500,000 = P91,240/sqm
With Lease income of P55k/month until November 2021

Official Price of Developer; Php 14,900,000

The project is sold out

**Viewings are on Mon- Friday 9-3pm only with 2-3 days advance notice now required by project sites. Limited to 1 client per viewing only

3 bedroom tandem with parking Lumiere  
Lumiere 3 bedroom with parking
3 BR for sale Pasig City
Lumiere Residences condos for sale
DMCI condos for sale
3bedroom Ortigas Center
Condo unit for sale Lumiere Residences"
114,"1 Bedroom Unit | Condo For Sale | Ready For Occupancy in Bagong Ilog, Pasig",https://www.lamudi.com.ph/1-bedroom-unit-condo-for-sale-ready-for-occupancy-in-bagong-ilog-pasig.html,"₱ 4,200,000","Lumiere Residences - READY FOR OCCUPANCY
Location: Pasig Blv'd, corner Shaw Blv'd, Barangay Bagong Ilog, Pasig City

Details
Unit Area - 28 sqm
Building - East Tower
Floor - 25
Price - 4,000,000.00

Lumiere has  37-storeys from 1.3831 hectares of prime land, this three-tower development features Modern Tropical architecture and DMCI Homes' building innovation, Lumiventt.

Security

Lighted perimeter fence and entrance gate with guard house and car barriers, 24/7 roving security and CCTV cameras at strategic locations.

Lumiere Residences offers larger-than-usual unit spaces. Generously laid out 1-Bedroom, 2-Bedroom and 3-Bedroom unit configurations and your own balcony give you more room for greater possibilities.

Building Features

  Lumiventt Technology
  Extended Sky Patios
  Full Back-Up Power
  Six (6) Elevators per building
  Mail Room
  Laundry Station
  Water Refill Station
  Garden Atriums
  Extended Sky Patios


Au Elena Tanael - DMCI Homes⁣⁣⁣⁣
PRC - 000484 
HLURB - A 005476
⁣⁣⁣⁣"
115,2 bedroom condo unit with parking for sale Pasig City DMCI Homes,https://www.lamudi.com.ph/2-bedroom-condo-unit-with-parking-for-sale-pasig-city-dmci-homes-2.html,"₱ 6,200,000","Lumiere Residences by DMCI Homes located along Pasig Boulevard. The area has a good and easy access to Ortigas Center, the developing Pioneer area, Capitol Commons, Eastwood City, Bonifacio Global City and Makati CBD.3 tower high rise with resort themed amenities, very safe and secured residential compound. 3 swimming pools, basketball court, open lounges, gym, function rooms, roof deck skylounge.Ready for Occupancy. Brand New16th Floor of East Tower, 56 sqm, 2 bedroom unit, 1 T&B, balcony and parking.Facing amenities.Selling Price; Php 6,200,000 = P91k/sqmOfficial Developer price Php 8.2MThe project is sold out**Viewings are on Mon- Friday 9-3pm only with 2-3 days advance notice now required by project sites. Limited to 1 client per viewing only2 bedroom tandem with parking Lumiere 2 BR condo for sale Pasig CityLumiere Residences condos for saleDMCI condos for sale2 bedroom Ortigas Center"
116,For Sale 2 bedroom penthouse facing BGC skyline,https://www.lamudi.com.ph/for-sale-2-bedroom-penthouse-facing-bgc-skyline.html,"₱ 6,994,000","For sale 2 bedroom penthouse in Lumiere Residences facing Ortigas SkylineAvail now our Promo for only 20% Downpayment(Promo) instead of 30% Downpayment (regular payment scheme).Promo is limited time offer only until November 30, 2019.for as low as 20k reservation feeFor site viewing and unit viewing, please contact: - Fatim Joe Escalaña"
117,2 BR Condo Unit (Unfurnished) for sale,https://www.lamudi.com.ph/2-br-condo-unit-unfurnished-for-sale.html,Contact agent for price,"2-bedroom condo unit with balcony 
Area: 46 sqm 
Inclusion: Refrigerator and window type a/c 

With great amenities! 
Ready for occupancy!  


Located at 17th floor Lumiere Residences Brgy Bagong-Ilog Pasig Blvd corner Shaw Blvd Pasig City

Price negotiable"
118,For Sale 2 Bedroom Ready for Occupancy Condo Unit near Sm Megamall Pasig,https://www.lamudi.com.ph/for-sale-2-bedroom-ready-for-occupancy-condo-unit-near-sm-megamall-pasig.html,"₱ 9,000,000","FOR SALE READY FOR OCCUPANCY 2 BEDROOM UNIT IN PASIG CITY  Promo! Promo! Promo 15% DOWNPAYMENT PAYABLE IN 18 MONTHS  ️HURRY INQUIRE NOW  ️LIMITED TIME OFFER ONLY  ️LUMIERE RESIDENCES Pasig Blvd corner Shaw Blvd Pasig City WHY INVEST AT LUMIERE RESIDENCES   ️Perfect Location, Near CBD's -Ortigas Business District -BGC Business District -Makati Business District -Higher Rental Rate Potential  Why Invest Now Lower Downpayment Promo Flexible Payment Terms Offering Market is The Down and Prices are on Freeze  Why Invest at DMCI Homes Developed By Quduple A Developer Perpetual Ownership Resort Inspired Amenities Larger Unit Cuts Well Ventilated Pet Friendly Offer Bank Financing Services  For more Details contact ; Ms Gina Arborilla  Condominium property for sale in Bagong Ilog, Pasig, Metro Manila"
119,3 Bedroom Condo with Tandem Parking For Sale near Shangri La Plaza,https://www.lamudi.com.ph/3-bedroom-condo-with-tandem-parking-for-sale-near-shangri-la-plaza.html,"₱ 12,000,000","Lumiere Residences 
Pasig City

11th Floor
West Tower
84sqm
3BR with 2T&B
Corner unit with 2 balconies
Comes with 2 parking slots (tandem)
located at P4 behind the West Tower elevator
Selling at Php 12M 

*Currently under home loan. Once transaction is closed, buyer can move in already while waiting for the title (around 2 mos to process the title release from BPI Bank)."
